8850735448,8813-5741-1433-6009,hannah hayduk,48,hannah.hayduk@aol.com,411156,95775,11000
9950993029,7432-3663-1534-9552,nelly island,54,nelly.island@outlook.com,411001,91698,10000
5962137108,7691-2825-8186-8127,lilyan wasilewski,36,lilyan.wasilewski@outlook.com,411064,35812,18000
1940840106,5742-9842-7393-8650,paolo mormon,52,paolo.mormon@outlook.com,411156,27331,14000
1055373020,8294-8524-6199-7358,margarita massard,36,margarita.massard@outlook.com,411035,22137,14000
7275710830,4772-5743-3599-5800,stephi otten,53,stephi.otten@yahoo.com,411156,67316,20000
6839980887,5220-4093-7833-6404,adiana whaley,57,adiana.whaley@yahoo.com,411132,96066,11000
9358717429,1540-5284-7056-6661,barnie ruppert,45,barnie.ruppert@outlook.com,411027,95974,19000
7851714701,9109-5754-4924-8903,isahella mckean,19,isahella.mckean@outlook.com,411246,5674,15000
3174992799,8066-8716-2601-3187,paulette pacific,22,paulette.pacific@outlook.com,411014,98911,12000
6718568209,9264-2794-8777-8639,karyn saunier,22,karyn.saunier@outlook.com,411246,11153,13000
7171802788,7901-2944-5860-8337,simone pravata,20,simone.pravata@outlook.com,411027,82022,12000
5637620165,9702-3344-1651-9412,renaldo crosswell,56,renaldo.crosswell@yahoo.com,411027,70278,16000
1016063988,7983-8837-1138-1523,ajay olcott,25,ajay.olcott@aol.com,411027,23459,12000
6103181044,1558-6281-2826-4601,tia salwasser,34,tia.salwasser@outlook.com,411035,62720,10000
2619871463,9996-4763-2257-4105,jaynell snow,48,jaynell.snow@outlook.com,411001,38942,14000
7697763970,3730-3469-7730-2075,tamera fyock,24,tamera.fyock@gmail.com,411132,86497,17000
7788187888,9488-8134-8288-6484,jessey nicklaus,34,jessey.nicklaus@aol.com,411061,6717,20000
9560372118,3634-4185-9704-2639,kimball trader,49,kimball.trader@gmail.com,411014,54560,15000
3190732464,1988-8822-7765-6507,carolyn snowdon,45,carolyn.snowdon@yahoo.com,411132,71609,12000
8478338556,2335-6522-8017-4663,fernando malinoski,59,fernando.malinoski@yahoo.com,411014,39128,17000
3525100956,2070-8660-7018-9880,ruthi seo,52,ruthi.seo@yahoo.com,411035,76368,15000
6445317733,4591-9344-6386-4197,halvard enzor,19,halvard.enzor@aol.com,411064,2140,13000
5929682820,3731-2765-5413-9337,hernando wohlfarth,19,hernando.wohlfarth@gmail.com,411156,8603,13000
3501712929,1205-6198-8710-5146,pandora frederick,45,pandora.frederick@outlook.com,411061,1682,19000
9634922582,3153-8220-7954-5142,gabie burce,56,gabie.burce@gmail.com,411001,79863,18000
7811002446,2618-6179-7983-9534,ileana schwinn,49,ileana.schwinn@aol.com,411035,3430,14000
1836613807,6380-9266-1284-5420,betteann kennet,58,betteann.kennet@aol.com,411027,17278,20000
9322318881,6034-3298-7575-1509,herculie inscho,48,herculie.inscho@outlook.com,411001,6689,15000
4874612692,6821-4588-1998-2374,durward thornley,27,durward.thornley@yahoo.com,411014,18448,13000
7265219584,1960-1004-3553-7994,suzanne gelvin,19,suzanne.gelvin@yahoo.com,411246,72696,13000
8973870345,2219-6676-6420-3063,joyce indest,51,joyce.indest@yahoo.com,411156,60208,20000
7731969314,9124-8053-4104-9922,iggie nydick,40,iggie.nydick@gmail.com,411246,61851,20000
5988702759,6846-2998-1736-1727,jolynn pressler,58,jolynn.pressler@yahoo.com,411035,64649,17000
7885194762,3450-3536-5105-5383,sophey hinnant,49,sophey.hinnant@aol.com,411027,55847,18000
3476063606,2845-8745-4059-9275,randy kreitler,28,randy.kreitler@aol.com,411246,11473,20000
7007676268,3865-4287-2910-1699,dorene parillo,31,dorene.parillo@outlook.com,411156,8901,17000
5562351752,3188-7287-4634-3265,adlai higby,36,adlai.higby@gmail.com,411001,23707,14000
7670496284,2670-1953-8836-4141,pinchas edwin,60,pinchas.edwin@aol.com,411156,28649,19000
3522894628,8831-7971-1342-2030,alma maro,58,alma.maro@outlook.com,411035,95661,16000
3660738864,1307-1545-9681-9441,marylin holdvogt,30,marylin.holdvogt@gmail.com,411061,47771,19000
1090850083,4903-9639-5269-9707,carroll arguijo,59,carroll.arguijo@gmail.com,411156,3964,12000
2785365738,7716-7013-9043-3841,claudio corne,22,claudio.corne@aol.com,411132,5813,15000
5485420616,8962-5238-8326-1611,jinny vanslander,57,jinny.vanslander@yahoo.com,411156,70459,19000
9548334693,3400-4389-1331-7369,jedediah shenkel,42,jedediah.shenkel@outlook.com,411132,5057,20000
9858261420,8647-4616-1810-4968,abbey basnett,30,abbey.basnett@gmail.com,411001,26453,13000
9105858342,1826-7823-5124-1672,virginie kronberger,23,virginie.kronberger@yahoo.com,411064,71673,18000
7288872386,9534-8960-2724-4471,joane tenbusch,31,joane.tenbusch@aol.com,411246,18634,14000
9861315998,5336-6715-5878-1085,carolan jarzynka,32,carolan.jarzynka@gmail.com,411014,89492,20000
2301952207,1041-3097-8446-1719,nadeen goad,20,nadeen.goad@yahoo.com,411001,40143,14000
2118108765,3981-4493-4342-3742,jerrilee reddig,34,jerrilee.reddig@outlook.com,411035,24954,10000
5183352367,7585-5596-9272-1089,sax shorts,28,sax.shorts@outlook.com,411027,19733,15000
5301947481,8955-7524-9830-5572,harlene plew,52,harlene.plew@yahoo.com,411061,42419,12000
1185768235,3727-7869-1836-4482,rosalinda noblin,27,rosalinda.noblin@outlook.com,411132,92738,12000
5164654090,3948-1137-5070-8808,gerri bierle,27,gerri.bierle@outlook.com,411246,33809,17000
2623489188,1820-7056-9562-7156,billie benincase,48,billie.benincase@outlook.com,411246,71908,10000
8228373693,2592-1265-8547-1819,berta hudgeons,49,berta.hudgeons@yahoo.com,411035,35514,12000
2106968727,9621-5580-4720-3059,flora mcwaters,57,flora.mcwaters@outlook.com,411064,23049,16000
3033201866,3598-2767-7991-5429,torey zedian,22,torey.zedian@yahoo.com,411027,43126,12000
5496195533,9777-8618-1489-7369,courtney cool,24,courtney.cool@outlook.com,411064,10561,14000
5320225384,8000-5195-6169-9003,antonio griner,51,antonio.griner@gmail.com,411156,79862,20000
8980621859,1842-7434-9762-7962,debbra gissel,40,debbra.gissel@aol.com,411061,79635,10000
7152282811,3086-5530-1262-8097,hilbert beakley,42,hilbert.beakley@gmail.com,411156,74141,19000
5087796916,7809-8596-1386-4517,andra skea,52,andra.skea@yahoo.com,411035,34306,12000
4754712013,9101-6028-2437-3619,moira rear,25,moira.rear@outlook.com,411246,42507,10000
4105082962,1718-2532-8323-2141,maire brassell,44,maire.brassell@gmail.com,411001,54030,19000
9989687870,1059-8038-3759-7244,suzanne bacot,60,suzanne.bacot@outlook.com,411035,81481,13000
5455403675,5047-2574-9103-4478,nevil groepper,44,nevil.groepper@gmail.com,411035,42147,13000
8178863637,8343-6827-6166-5406,roxine ashlock,22,roxine.ashlock@yahoo.com,411014,31691,16000
5679711259,8223-3420-1538-9243,shelli ravens,54,shelli.ravens@gmail.com,411061,27821,12000
8173909700,9189-5736-6906-8731,meggi kintzer,37,meggi.kintzer@yahoo.com,411246,83040,11000
8917230854,1243-3489-9809-8508,darwin staback,47,darwin.staback@gmail.com,411001,57464,14000
7894735789,9468-9378-1680-3164,bryn moatz,51,bryn.moatz@outlook.com,411027,85598,16000
1683561521,6228-2476-9838-8271,winny deason,50,winny.deason@gmail.com,411156,54974,18000
5716858456,3775-8444-6271-9356,daile swartz,34,daile.swartz@yahoo.com,411246,60328,11000
9049291501,3985-1299-6288-4132,robbyn manely,38,robbyn.manely@yahoo.com,411014,50515,14000
6086780164,7642-2234-2105-3644,bonnie bianchi,53,bonnie.bianchi@gmail.com,411156,74595,18000
8405688722,9807-9433-7183-2283,izzy tootle,26,izzy.tootle@gmail.com,411001,96410,19000
9338719327,8872-3608-3504-2757,clyde levreault,22,clyde.levreault@outlook.com,411001,60188,17000
4142100112,4459-3841-8672-6833,stephenie conary,27,stephenie.conary@aol.com,411064,32221,18000
7942356898,2823-3594-7604-3393,clair baily,58,clair.baily@outlook.com,411064,3923,15000
9258684393,2262-2816-9546-8772,joanne steenrod,32,joanne.steenrod@yahoo.com,411246,14066,15000
8117030216,6325-9766-5888-6840,natalia catalan,22,natalia.catalan@outlook.com,411246,12117,14000
5887983517,2374-3276-8341-1987,gordie lisby,48,gordie.lisby@outlook.com,411132,1312,15000
3061367413,4131-9767-9015-8619,marlin palka,33,marlin.palka@aol.com,411064,83922,19000
1923698827,7200-6826-4850-1113,mitzi lanius,45,mitzi.lanius@gmail.com,411246,66247,10000
8501823991,9611-8832-6426-6049,alexis ashlin,49,alexis.ashlin@outlook.com,411132,94923,14000
8676849044,4564-8325-9217-1619,beau marus,20,beau.marus@yahoo.com,411035,68797,10000
7389734793,2678-9841-7202-4633,rhea david,40,rhea.david@yahoo.com,411132,46324,17000
8206769115,3806-9248-9090-3838,dwight veksler,49,dwight.veksler@yahoo.com,411014,8835,20000
9426945273,7542-7857-7493-6625,theda demint,37,theda.demint@aol.com,411001,73282,19000
2884320967,8028-3557-8265-3378,rosemaria underberg,18,rosemaria.underberg@gmail.com,411001,29300,19000
7742086253,6085-1158-3657-9465,averill dezarn,41,averill.dezarn@gmail.com,411132,89125,17000
3043615640,7226-7771-5990-6145,hal fayer,25,hal.fayer@outlook.com,411132,81700,15000
7657228489,2137-1442-5739-2448,ruddie fern,32,ruddie.fern@yahoo.com,411014,42695,15000
6211745648,5032-9065-5178-8743,johnna neelly,28,johnna.neelly@yahoo.com,411064,74250,11000
4303211629,8562-2296-1091-3411,kerry scullark,48,kerry.scullark@aol.com,411132,52662,11000
4107963043,6605-3807-2596-7296,zach mancillas,50,zach.mancillas@yahoo.com,411064,83563,17000
7436406322,5586-7772-8368-3929,tharen serapio,44,tharen.serapio@gmail.com,411246,75207,14000
4044752044,1575-4714-1677-2740,berri saballos,25,berri.saballos@yahoo.com,411156,43296,11000
2973460068,9391-9193-4848-3726,lyle yoseph,31,lyle.yoseph@yahoo.com,411001,4531,10000
5898550663,4985-6032-5019-2142,ware sniezek,28,ware.sniezek@yahoo.com,411035,5075,13000
3496146335,7217-6721-6064-5017,rebekah vanpelt,25,rebekah.vanpelt@gmail.com,411001,37163,17000
6223021542,3002-4825-4795-3508,carli bradwell,54,carli.bradwell@outlook.com,411246,72228,11000
3319396595,2582-2019-9846-3967,braden rouw,37,braden.rouw@aol.com,411246,55413,11000
7268810250,3426-3242-1295-2009,frank knower,55,frank.knower@yahoo.com,411156,39373,10000
8920337343,2371-9396-4562-3522,kaila wetzler,22,kaila.wetzler@gmail.com,411001,29525,11000
4821440006,5052-1949-4389-5468,pippa amderson,38,pippa.amderson@outlook.com,411246,60646,18000
4547429334,8696-5432-1902-4053,dario reeck,44,dario.reeck@aol.com,411001,80971,17000
9853790253,4504-3497-8912-8608,corine ticer,28,corine.ticer@aol.com,411001,91763,15000
1418707225,2540-5132-2463-1526,nisse pixler,34,nisse.pixler@gmail.com,411014,33304,13000
1964176466,5964-5835-3988-2783,juliette mascheck,30,juliette.mascheck@yahoo.com,411001,55211,15000
6920339086,3549-4011-7794-3593,val leddon,36,val.leddon@yahoo.com,411014,84897,10000
8652486687,4924-3197-3110-3334,sheridan mccoppin,51,sheridan.mccoppin@aol.com,411014,3331,16000
4559294084,2229-9061-4199-2476,munmro lohan,38,munmro.lohan@yahoo.com,411064,80313,10000
5542687369,3445-3279-7908-9512,mead meter,22,mead.meter@yahoo.com,411246,99165,18000
3457691438,4326-4398-8360-7613,bryana karls,34,bryana.karls@gmail.com,411027,58130,14000
9869297303,9605-8032-1921-5412,jillane libert,31,jillane.libert@aol.com,411246,34587,14000
5158862781,3053-2564-3119-3112,suellen codling,38,suellen.codling@aol.com,411064,61019,11000
2149807476,6342-6852-8479-9078,shannen bogdan,21,shannen.bogdan@gmail.com,411001,97197,20000
6789677724,3927-1106-1870-1440,barthel reep,48,barthel.reep@outlook.com,411035,82573,19000
5299313989,1421-7900-9283-4271,georgeanna nassar,29,georgeanna.nassar@aol.com,411027,24348,11000
4895817023,6025-3259-2474-8003,kellina booser,44,kellina.booser@outlook.com,411132,26560,15000
6022788994,3219-1674-1071-4095,anabel paradee,43,anabel.paradee@yahoo.com,411132,50725,16000
8180053564,9843-9368-5383-5317,adriane westendorf,58,adriane.westendorf@gmail.com,411132,32908,11000
3283956596,7181-3280-8963-1845,brad hey,25,brad.hey@aol.com,411156,61232,19000
8719898665,8429-3394-3445-4889,trescha moskovitz,19,trescha.moskovitz@aol.com,411014,15874,19000
2400953183,9663-8614-3175-9864,eloisa hupka,58,eloisa.hupka@aol.com,411246,15501,12000
5358682313,7288-3433-3981-4324,susannah spruit,45,susannah.spruit@outlook.com,411035,47043,16000
8251120578,7942-7922-9055-3683,rosie macnaught,47,rosie.macnaught@gmail.com,411027,12295,20000
5105059644,8777-3045-9015-6557,crissy hillis,27,crissy.hillis@outlook.com,411132,16777,18000
8759385273,3491-6942-1887-1439,rosemaria christodoulou,53,rosemaria.christodoulou@yahoo.com,411001,88755,12000
8673381284,8464-7755-9847-3465,corette lashbrook,29,corette.lashbrook@yahoo.com,411027,98258,11000
8078750242,5759-5802-4517-1344,darby lamond,24,darby.lamond@yahoo.com,411156,70859,15000
1164952134,2137-5612-4127-6709,alastair gafford,34,alastair.gafford@yahoo.com,411246,76399,10000
7555177455,7659-6497-5869-9232,ludwig lion,23,ludwig.lion@aol.com,411001,76484,18000
6777783141,4833-4375-9909-1602,otha glotzbach,30,otha.glotzbach@yahoo.com,411027,27905,18000
6017311296,4181-7774-4963-3277,calley jacka,59,calley.jacka@yahoo.com,411246,64511,16000
4470428200,3570-1680-8530-4754,alana neelly,53,alana.neelly@outlook.com,411035,53012,11000
7929881176,1909-5354-4521-2885,ashton ekwall,50,ashton.ekwall@yahoo.com,411014,54303,17000
9393248565,1649-9509-8349-2407,darcy richey,57,darcy.richey@aol.com,411064,63493,15000
5270543057,7168-9353-4294-1424,aldwin urguhart,42,aldwin.urguhart@outlook.com,411132,15993,17000
9819355946,5391-2879-4495-2526,merry kirklin,23,merry.kirklin@outlook.com,411246,38363,14000
4633621582,7657-1304-7399-2673,odille goodsite,54,odille.goodsite@yahoo.com,411246,26053,12000
8924201714,5247-8958-1390-4065,caroljean nagelkirk,43,caroljean.nagelkirk@gmail.com,411035,14282,18000
6238342531,1354-7110-6553-6128,dennis eatmon,23,dennis.eatmon@gmail.com,411035,69678,11000
6862493503,4432-3350-7796-3734,bradley fells,59,bradley.fells@gmail.com,411156,43849,20000
1341984465,4003-3156-1221-8428,lorelle ganis,36,lorelle.ganis@gmail.com,411132,85827,10000
1504204048,7232-8720-8455-5616,aubry wootton,45,aubry.wootton@outlook.com,411001,43250,11000
8491774079,2563-5925-9316-8605,raymond bechler,27,raymond.bechler@aol.com,411156,51948,20000
7120041872,8301-8345-5547-8880,jenilee hattabaugh,58,jenilee.hattabaugh@gmail.com,411246,52109,19000
4702431783,7376-3949-1270-3490,irene maltsberger,51,irene.maltsberger@outlook.com,411027,5771,13000
5219519731,9980-3799-6055-2084,reine gandarilla,32,reine.gandarilla@gmail.com,411156,12659,12000
6257227580,7596-1360-7242-3968,milissent lickert,41,milissent.lickert@gmail.com,411001,76339,17000
5197341465,2757-3527-4551-4388,bettie tonic,26,bettie.tonic@gmail.com,411014,56621,11000
8660639494,9851-8285-7383-6332,sig gines,25,sig.gines@yahoo.com,411246,19080,10000
4416909077,6031-3065-7465-1789,donella piselli,37,donella.piselli@yahoo.com,411156,36062,20000
6283029256,7051-1602-5442-1061,oprah minato,48,oprah.minato@gmail.com,411246,30651,13000
5648121050,3632-7250-9595-9987,sergeant bub,53,sergeant.bub@aol.com,411001,14668,15000
3700474141,8078-5455-5854-7786,caroleen vereb,23,caroleen.vereb@aol.com,411246,28429,12000
5061945329,8273-2524-2078-5444,fanchette katzner,44,fanchette.katzner@outlook.com,411035,69024,17000
4649427242,1136-6582-2991-2742,clemmie moralas,41,clemmie.moralas@outlook.com,411035,88655,13000
5136287772,1553-3452-7008-1989,inga neuser,39,inga.neuser@aol.com,411156,57855,13000
2486027714,3963-5268-4489-4811,veronica mowat,31,veronica.mowat@aol.com,411156,82106,15000
3773813737,9889-4267-5906-5430,ransell buening,39,ransell.buening@outlook.com,411156,74054,12000
2971648940,4933-6806-7763-7435,rosalinde finkler,59,rosalinde.finkler@outlook.com,411064,57130,16000
1903572182,2376-7601-6228-8627,josefa claeys,60,josefa.claeys@outlook.com,411156,42149,17000
1939957861,4412-4208-3122-2810,ottilie pricer,57,ottilie.pricer@aol.com,411014,59547,20000
3105086328,5150-5247-6990-2266,kati islar,38,kati.islar@gmail.com,411064,86158,13000
5932533032,4102-3115-6993-6611,daffi serra,56,daffi.serra@aol.com,411035,19510,11000
1211798725,7658-5556-9592-3926,barth munson,30,barth.munson@outlook.com,411132,42622,12000
6145287999,6389-4129-5395-9597,saunderson totter,22,saunderson.totter@yahoo.com,411132,67416,12000
3612928584,1847-1574-2365-6897,raina bertschy,43,raina.bertschy@aol.com,411061,59021,12000
8771000725,2080-8755-1431-4079,thom soffa,52,thom.soffa@yahoo.com,411064,70596,11000
7112386886,6902-7945-8891-5656,jemie rox,57,jemie.rox@yahoo.com,411027,77036,19000
3717078695,2384-7537-8770-6883,cyril aperges,60,cyril.aperges@yahoo.com,411014,83159,15000
1184322429,4110-2575-4848-2445,gianina pille,60,gianina.pille@aol.com,411001,95102,19000
2283005002,9407-9931-4328-7840,blanche folkers,31,blanche.folkers@gmail.com,411156,64030,13000
1290699636,2254-8157-3887-7407,lyn dyck,47,lyn.dyck@gmail.com,411035,31892,13000
3926161982,5922-3164-8297-1209,jacky fearnow,39,jacky.fearnow@aol.com,411061,87875,20000
3146405729,2643-4928-8083-5941,bentley hallman,36,bentley.hallman@yahoo.com,411064,67348,11000
8270142828,8091-9197-8920-1469,bengt evangelista,54,bengt.evangelista@aol.com,411246,13195,12000
1188450937,8085-5076-4367-1331,margarita witherow,21,margarita.witherow@yahoo.com,411061,27740,15000
6900301437,9875-6231-5015-1817,paddie villalba,31,paddie.villalba@outlook.com,411027,3625,18000
6070303957,3682-9516-8165-8648,obie lucksinger,42,obie.lucksinger@outlook.com,411246,3233,18000
6637864926,7423-1528-6875-1570,tomasine galbreth,47,tomasine.galbreth@aol.com,411014,78322,10000
5244500372,4542-6251-5220-8375,demetris ohman,58,demetris.ohman@outlook.com,411014,64554,16000
6509294138,5632-9567-2332-6325,donia meekins,32,donia.meekins@outlook.com,411027,40272,11000
6166715320,3496-3672-1071-2131,tome cuoco,42,tome.cuoco@outlook.com,411061,24003,17000
3773995295,3373-7175-2831-4410,arvy montuori,22,arvy.montuori@aol.com,411001,97472,15000
7109536863,3674-5311-7432-6244,meriel latourette,50,meriel.latourette@aol.com,411246,27253,10000
6696893173,2914-8350-5277-7048,salli rauh,44,salli.rauh@yahoo.com,411246,1836,14000
9168691810,3533-8764-6281-5944,gwenore taussig,59,gwenore.taussig@gmail.com,411156,92532,14000
5441343639,7691-5854-8052-4439,opal bay,23,opal.bay@outlook.com,411064,51235,18000
8985885890,2574-3702-5262-9720,oralia hallberg,41,oralia.hallberg@yahoo.com,411061,56887,17000
9624807474,4436-6221-6638-8741,reg pollins,59,reg.pollins@outlook.com,411064,54168,15000
6389803109,9544-2621-4655-3263,lilla revette,39,lilla.revette@outlook.com,411035,1923,20000
2242319488,2088-6221-7837-3367,clinton kleinman,23,clinton.kleinman@aol.com,411132,36317,10000
7040202495,4295-9497-6488-8537,ginny kaltenbach,53,ginny.kaltenbach@aol.com,411246,57091,20000
1557738522,1850-2716-4874-5993,garey pallotto,37,garey.pallotto@outlook.com,411014,14695,19000
2497779833,2372-4719-9399-3702,emmalynne dooms,37,emmalynne.dooms@aol.com,411001,60938,17000
1424601240,4376-9239-5461-2243,tori canul,53,tori.canul@gmail.com,411035,3756,16000
4968229972,5908-1634-8119-5482,ivie rosaro,19,ivie.rosaro@yahoo.com,411035,65066,10000
6296785140,6144-3904-2237-3922,merle pesiri,48,merle.pesiri@aol.com,411064,99528,12000
1061845563,2255-1312-4172-4070,broddie risser,25,broddie.risser@aol.com,411001,68519,16000
9709556968,9721-5545-3707-2264,randall bupp,21,randall.bupp@outlook.com,411027,61102,11000
1446098588,3642-1523-6493-9478,cleva patsy,25,cleva.patsy@gmail.com,411064,25451,16000
3043296082,6828-2592-6355-7404,perle falck,49,perle.falck@outlook.com,411027,90567,14000
3462062086,7792-7171-8728-4717,hershel johnso,29,hershel.johnso@gmail.com,411027,63625,17000
8803044128,1566-1384-5415-4641,nada consolazio,32,nada.consolazio@gmail.com,411156,1429,11000
3293037969,1765-2782-5058-3226,zebulen cervoni,44,zebulen.cervoni@aol.com,411246,67998,13000
7154148931,6850-7141-5884-5633,sharai caracci,36,sharai.caracci@outlook.com,411014,94422,10000
2304260018,4824-1718-8172-1275,mayor laible,56,mayor.laible@yahoo.com,411061,6885,12000
1160756825,5904-9605-1458-2262,tatiana cirigliano,37,tatiana.cirigliano@yahoo.com,411061,69297,19000
6753380387,1350-5907-4143-3498,yolande degirolamo,46,yolande.degirolamo@aol.com,411014,92989,16000
6977268606,9561-1147-4804-6517,allis thorp,60,allis.thorp@outlook.com,411132,27084,11000
9794083911,1715-4466-7943-4970,edwin norgaard,59,edwin.norgaard@aol.com,411014,4022,11000
8615220418,8295-6359-8826-4478,muhammad blackhurst,41,muhammad.blackhurst@outlook.com,411027,60700,13000
8150484074,3130-6762-1791-5359,olva barbian,45,olva.barbian@yahoo.com,411035,24043,16000
7275309385,1025-4935-3357-7136,viola foxwell,59,viola.foxwell@yahoo.com,411061,91646,16000
1244806852,8193-8092-7803-3697,petronille devall,48,petronille.devall@outlook.com,411064,60431,15000
4481588236,9794-8640-5856-2090,kath cassidy,60,kath.cassidy@outlook.com,411027,46210,18000
1144773257,1986-2039-9821-5493,jeanelle purkett,31,jeanelle.purkett@outlook.com,411035,93237,15000
9195639636,3603-4213-4273-5387,morna steeber,53,morna.steeber@gmail.com,411064,52451,12000
8256962530,7898-9698-3970-5282,star smidt,38,star.smidt@aol.com,411156,24532,13000
3337203187,6279-4642-1655-5492,adger nyholm,55,adger.nyholm@aol.com,411035,9602,13000
6665848005,2527-3290-6358-8852,maggee turano,46,maggee.turano@outlook.com,411035,54415,18000
3019637751,5085-3971-6700-4116,jule linson,33,jule.linson@aol.com,411035,95325,14000
8225106662,5985-1588-3101-9769,lillian rochefort,45,lillian.rochefort@yahoo.com,411027,75511,14000
4505102484,1694-6086-2205-1024,jolee klevene,32,jolee.klevene@aol.com,411246,83468,19000
1360243865,1367-4516-2611-3437,granville faunce,49,granville.faunce@outlook.com,411064,24576,18000
7334971649,7437-5085-7684-7860,bernadine abellera,30,bernadine.abellera@outlook.com,411132,82977,14000
1657828155,5018-4842-7102-5580,roselyn gennett,48,roselyn.gennett@aol.com,411064,90422,20000
7836548071,2221-3921-4281-5708,rae dull,51,rae.dull@gmail.com,411156,26854,13000
7255749132,5134-2803-5307-6513,jessie bachler,22,jessie.bachler@outlook.com,411014,76874,20000
5914071859,1851-7936-6339-1309,edsel fulkerson,51,edsel.fulkerson@aol.com,411027,80647,16000
4036418865,1566-9550-9715-8061,silvana mathes,56,silvana.mathes@aol.com,411061,77318,15000
3037061680,6471-7775-8798-9085,constancia civiello,50,constancia.civiello@gmail.com,411132,44688,18000
9900371172,1846-2779-5724-6601,charlie schunemann,52,charlie.schunemann@aol.com,411156,64391,15000
6333556730,9861-3325-1703-1580,prentiss bier,20,prentiss.bier@yahoo.com,411061,69685,15000
9123616130,7253-3260-5295-9204,danell cuttitta,49,danell.cuttitta@gmail.com,411001,83864,14000
4502615230,3449-4642-5859-3594,sheppard duff,48,sheppard.duff@gmail.com,411001,26844,10000
8424467144,3992-1004-1317-8487,eliott derrow,54,eliott.derrow@outlook.com,411246,78759,10000
3099013107,2189-9713-8210-5172,florella hemming,57,florella.hemming@yahoo.com,411027,39456,10000
1398403285,2003-1386-2909-3348,jeremiah ringer,21,jeremiah.ringer@aol.com,411027,84281,18000
8397046858,3196-4645-2967-4777,jerrie patton,18,jerrie.patton@aol.com,411064,65277,20000
2971801086,5943-5217-1272-3532,fred lefrancois,43,fred.lefrancois@aol.com,411246,8166,14000
5565954801,2661-5711-2393-9999,bride kopis,27,bride.kopis@yahoo.com,411246,96617,11000
3091689768,7641-9714-3630-9576,arlana horovitz,44,arlana.horovitz@aol.com,411001,23186,18000
5369753312,5863-1901-4970-7295,henri proulx,23,henri.proulx@gmail.com,411246,4456,11000
6210592858,1326-3994-3108-5203,wye brossart,24,wye.brossart@aol.com,411027,26411,15000
2858768955,3787-4916-3413-2548,ivette spence,44,ivette.spence@aol.com,411156,59333,13000
7739293728,4838-7183-4602-1349,beauregard soens,54,beauregard.soens@outlook.com,411027,95368,13000
4261581050,5161-5314-8347-1440,ignaz silkwood,52,ignaz.silkwood@aol.com,411064,39075,19000
1091781594,2614-2851-5186-6951,maire exner,60,maire.exner@gmail.com,411246,50859,13000
9453372690,5000-9190-2012-6643,jessee shaker,30,jessee.shaker@yahoo.com,411027,6643,12000
7016203481,6640-7579-7068-6353,anne finkenbinder,44,anne.finkenbinder@aol.com,411035,98436,12000
5914796102,9531-5236-9727-9800,kerrill gillard,37,kerrill.gillard@gmail.com,411246,89655,14000
2915844653,6328-3142-3431-9856,brewer kidwell,31,brewer.kidwell@yahoo.com,411001,66622,11000
6615538699,8381-8735-4279-8118,vivianna stablein,52,vivianna.stablein@gmail.com,411132,73860,19000
6434178138,4067-7855-7068-6974,laney rosenkranz,45,laney.rosenkranz@gmail.com,411027,64977,13000
9854551984,3277-4337-8144-4717,jenilee fausel,32,jenilee.fausel@yahoo.com,411156,31839,16000
9318918347,2695-9642-9168-4061,tybalt etienne,26,tybalt.etienne@outlook.com,411064,23798,17000
8762458676,2817-7380-1972-2581,oswald cancro,45,oswald.cancro@outlook.com,411027,83135,10000
6725972689,8427-3938-3954-7231,pamelina dailey,54,pamelina.dailey@outlook.com,411061,43534,16000
4468214219,7913-9415-1300-1008,elbertine hendericks,54,elbertine.hendericks@outlook.com,411027,25933,12000
1914535516,4163-2725-6221-4290,thomasin mccatty,60,thomasin.mccatty@outlook.com,411035,78366,14000
3287228295,5160-9947-9753-2479,isaak wical,34,isaak.wical@outlook.com,411027,10447,10000
4101944180,9390-3204-6687-1141,karina derrig,50,karina.derrig@gmail.com,411027,9080,13000
4757582945,2422-1542-8119-3969,elsy armengol,54,elsy.armengol@yahoo.com,411132,46681,10000
9081314249,3845-6282-2660-1070,lana twigg,59,lana.twigg@aol.com,411014,35518,11000
1783100856,2396-9412-6308-5139,hilliary arrick,20,hilliary.arrick@outlook.com,411027,27149,18000
7639926666,5951-5224-4984-9582,virgilio cronenberg,21,virgilio.cronenberg@outlook.com,411014,65055,18000
8149739246,1596-5588-4595-6707,chuck macknight,33,chuck.macknight@aol.com,411064,3727,10000
5381355660,7451-7715-5000-6621,marena dekany,38,marena.dekany@outlook.com,411035,17677,14000
5438077127,7999-5656-4412-5528,desirae cavallo,57,desirae.cavallo@yahoo.com,411061,54139,18000
5714161305,3557-4507-4213-7709,shalom scorsone,39,shalom.scorsone@gmail.com,411246,38948,14000
2809032439,4179-8684-3921-2815,madel llanez,23,madel.llanez@yahoo.com,411035,27665,16000
4996659302,6658-7807-1335-6219,gwendolin rybicki,22,gwendolin.rybicki@gmail.com,411132,85543,17000
4042021748,6294-4458-5933-4713,laetitia chee,46,laetitia.chee@outlook.com,411132,15107,20000
2549604212,9059-2961-6897-8052,shay nordgren,22,shay.nordgren@aol.com,411156,13882,16000
9924709954,9975-7139-9265-6140,miran app,29,miran.app@yahoo.com,411001,33441,16000
2649347551,6866-4048-1702-1716,feliza bracher,37,feliza.bracher@yahoo.com,411132,10637,19000
3575947333,3506-9196-9106-3850,carroll kerkman,40,carroll.kerkman@outlook.com,411064,30131,15000
3278473252,6877-5130-4610-6763,malcah roeder,50,malcah.roeder@gmail.com,411014,24403,13000
5436670570,1001-5836-8268-2889,salomone gurr,50,salomone.gurr@gmail.com,411156,52643,14000
4343271298,6707-6282-4137-9903,cornelle vanorsdale,57,cornelle.vanorsdale@aol.com,411132,25207,15000
1913467685,9764-5059-7069-1503,clarabelle kunishige,27,clarabelle.kunishige@aol.com,411027,47170,15000
9149173343,6558-6293-9002-4404,pammy hannafin,29,pammy.hannafin@outlook.com,411246,43792,14000
7798806406,9561-1163-9097-8648,malissa hovde,21,malissa.hovde@outlook.com,411027,99353,15000
3128479445,9827-6578-2830-8222,eula warren,51,eula.warren@outlook.com,411064,30356,14000
3420243099,8685-2154-5086-3306,olivia shifley,29,olivia.shifley@yahoo.com,411035,77701,14000
4825124110,1440-1168-2486-3872,martina pagdanganan,42,martina.pagdanganan@outlook.com,411061,54142,20000
9980410011,8202-8438-3391-7177,donna ruopoli,45,donna.ruopoli@outlook.com,411156,29942,10000
9952222905,7443-4250-1552-4986,garv markuson,25,garv.markuson@gmail.com,411014,93193,12000
6644440398,6662-4318-8314-3578,tedmund kemna,44,tedmund.kemna@aol.com,411027,61002,13000
5464017283,2722-9151-3278-9076,husein grenier,51,husein.grenier@aol.com,411035,97859,16000
3666475946,3895-3851-2302-4688,kinna sloat,21,kinna.sloat@yahoo.com,411001,7812,12000
1941912759,8369-1544-9229-3909,tabby kusch,24,tabby.kusch@outlook.com,411156,50611,16000
3002632062,7993-2544-9610-2624,madeleine kalbfleisch,60,madeleine.kalbfleisch@outlook.com,411132,16864,19000
5658719621,7456-1952-4548-2775,kai ocha,57,kai.ocha@aol.com,411064,29702,12000
6610027209,8955-6735-8626-9215,gen gensler,31,gen.gensler@outlook.com,411061,61598,17000
2578724764,5716-5582-8251-5059,dael goulbourne,36,dael.goulbourne@yahoo.com,411027,93411,14000
1964811336,3943-5204-4280-4477,erminia gacia,52,erminia.gacia@outlook.com,411061,30282,16000
2055772045,1439-6069-5665-1018,jefry minutillo,54,jefry.minutillo@yahoo.com,411246,5356,18000
2826313264,4491-3261-4007-2102,filia souvannavong,59,filia.souvannavong@aol.com,411001,92401,16000
2302001727,7416-7999-1097-8629,averell dumire,45,averell.dumire@gmail.com,411035,50998,11000
4802519069,6218-7478-8081-9693,bennie pollara,32,bennie.pollara@yahoo.com,411014,76900,19000
4514965902,9955-4444-7291-8933,lavinia freuden,25,lavinia.freuden@outlook.com,411246,31296,18000
8292446190,7551-2484-8583-3583,stevena sadusky,19,stevena.sadusky@aol.com,411061,46077,12000
4575147055,4193-5812-5579-4806,elbertine taffe,45,elbertine.taffe@yahoo.com,411064,50155,14000
1948717651,5891-4109-9430-4071,madelina kauble,18,madelina.kauble@gmail.com,411035,22993,16000
8693485972,4799-8111-7857-5673,tamma antonson,47,tamma.antonson@gmail.com,411064,45624,17000
7370447717,4863-9196-7234-9362,virgie journeay,56,virgie.journeay@aol.com,411064,65226,18000
8843902180,8232-6734-4861-8116,arabelle wida,18,arabelle.wida@gmail.com,411035,45650,16000
5805287024,5432-4366-6386-3676,olag mclyman,27,olag.mclyman@gmail.com,411001,91086,20000
1192531233,3121-3075-2645-2533,conny plotz,18,conny.plotz@yahoo.com,411027,90183,14000
1190556819,8986-9809-7697-5544,axel calcagno,34,axel.calcagno@outlook.com,411035,85120,18000
3042067948,3693-3396-7943-5849,rivkah wittlin,56,rivkah.wittlin@aol.com,411001,28834,14000
7205243669,7351-2470-9253-2482,zerk button,34,zerk.button@outlook.com,411027,68712,19000
3141671097,2198-9074-1030-4643,gianina roseth,27,gianina.roseth@outlook.com,411027,10056,13000
5943709305,7208-5219-7040-3539,janaye shorette,27,janaye.shorette@outlook.com,411014,81510,18000
7925918284,1999-9656-3293-3626,marthena madera,58,marthena.madera@outlook.com,411001,7765,13000
2867071779,6323-3201-8039-7074,winne howery,35,winne.howery@aol.com,411246,70188,20000
9175088668,4810-7234-8427-1241,adriaens gerhauser,44,adriaens.gerhauser@outlook.com,411027,38006,13000
3729774482,5417-5614-1290-9214,jemie lockheart,33,jemie.lockheart@outlook.com,411035,37414,13000
4623173992,3957-1031-5770-9379,valentia paramo,18,valentia.paramo@outlook.com,411061,2766,12000
4365046686,9039-8986-6755-1364,jessey vimont,52,jessey.vimont@aol.com,411014,99763,16000
1856885578,9454-6261-7545-1401,jemie fortin,47,jemie.fortin@yahoo.com,411061,74552,20000
7510048423,2183-7886-3174-8293,glennis durk,26,glennis.durk@yahoo.com,411064,16471,12000
2468610508,8039-4112-4831-7885,seline alicea,54,seline.alicea@yahoo.com,411001,38611,12000
5115763170,1486-7322-7386-7822,maud wickens,57,maud.wickens@gmail.com,411132,69228,11000
9275986755,8696-3709-7896-7559,moishe percifield,44,moishe.percifield@aol.com,411001,73018,13000
8347004606,4984-6145-1937-7942,laetitia pastorius,50,laetitia.pastorius@yahoo.com,411132,63372,16000
6038955272,3787-7208-6644-3504,nicoline naill,20,nicoline.naill@aol.com,411064,99716,19000
6261757152,2992-6447-4900-6818,windham mcclamroch,38,windham.mcclamroch@gmail.com,411156,8812,18000
4763941413,1102-7671-5806-8079,marina kansky,25,marina.kansky@aol.com,411014,32732,14000
2470139087,5815-5203-5848-8090,anallese leddon,44,anallese.leddon@yahoo.com,411246,61054,13000
6583331698,9159-5584-2053-3687,alpa marco,36,alpa.marco@outlook.com,411014,13309,15000
6278553106,3275-4522-2477-9876,joaquin phernetton,40,joaquin.phernetton@yahoo.com,411132,83010,17000
5735796496,9303-5715-1849-6218,dwight loll,26,dwight.loll@gmail.com,411035,41068,12000
5632021716,9835-9040-2299-8788,laurene langston,28,laurene.langston@aol.com,411035,14660,11000
7802584206,5488-8337-2817-4738,fae paeth,29,fae.paeth@yahoo.com,411035,24778,18000
3605496387,3138-7587-7382-5613,quentin sagastume,54,quentin.sagastume@gmail.com,411014,99964,17000
8511729587,1694-6638-3398-7255,herbie rhyan,48,herbie.rhyan@outlook.com,411064,59019,11000
5550198008,9044-9144-7655-8582,molly koon,28,molly.koon@aol.com,411064,95029,20000
3464077493,4306-5379-5694-9294,dorolisa dagnese,27,dorolisa.dagnese@yahoo.com,411027,9889,17000
1794439991,4369-9134-6442-6485,mitch ludeke,26,mitch.ludeke@aol.com,411014,72016,17000
5723197088,8852-9283-3246-5395,maible cirrincione,41,maible.cirrincione@aol.com,411001,1704,11000
2691334105,1070-6562-7958-9032,noni kapfer,46,noni.kapfer@aol.com,411064,58453,13000
4389857812,5945-9668-8213-7497,teri amorosi,38,teri.amorosi@yahoo.com,411014,93588,19000
7654610795,3814-3403-2447-1391,eveleen oeltjen,40,eveleen.oeltjen@gmail.com,411156,87905,13000
3499326753,7323-8932-1592-7308,alicia higgenbottom,32,alicia.higgenbottom@yahoo.com,411132,76970,16000
6045128118,7591-8259-4215-5455,osmond marth,28,osmond.marth@gmail.com,411132,67919,14000
8796156479,7827-6996-7799-2593,joslyn schutjer,53,joslyn.schutjer@aol.com,411027,19297,10000
4742412392,9455-1943-7416-6736,renata hunker,59,renata.hunker@gmail.com,411061,93497,20000
7409036518,7353-5749-2165-9639,gwendolen devary,19,gwendolen.devary@yahoo.com,411246,70981,10000
9760358020,6650-6480-1784-3543,mavra kwak,37,mavra.kwak@aol.com,411014,19595,13000
9936031694,7983-4032-4175-7288,sheilah mcconathy,42,sheilah.mcconathy@outlook.com,411064,4505,12000
2306317335,7258-6554-1075-8034,archibald relford,21,archibald.relford@outlook.com,411064,2648,20000
9699907640,4438-2916-5075-5343,rita ebert,45,rita.ebert@outlook.com,411061,92769,11000
2980870812,7488-7345-5175-3035,andie mauzey,56,andie.mauzey@outlook.com,411027,63587,17000
5184331518,4331-8683-6953-2067,dix garivay,40,dix.garivay@aol.com,411064,59223,12000
5515170954,8899-5126-5986-5111,pauly turney,19,pauly.turney@aol.com,411035,9442,13000
7940040848,6212-6170-5818-2022,drea poblete,42,drea.poblete@outlook.com,411132,49340,10000
7082966895,4689-9765-5125-9733,dotti lupi,23,dotti.lupi@aol.com,411132,14718,20000
6268848417,5834-9185-6966-2723,calli dunworth,32,calli.dunworth@outlook.com,411064,29329,17000
1747499225,8841-3425-9511-4464,barbey mancias,33,barbey.mancias@outlook.com,411061,4011,14000
2534602561,8041-5547-8437-8942,jefferey rehman,25,jefferey.rehman@gmail.com,411064,62088,10000
5893591471,5882-2846-3560-9923,kraig ugland,24,kraig.ugland@gmail.com,411132,93198,16000
7753158116,3352-8261-3366-6160,shaw burdon,49,shaw.burdon@outlook.com,411132,6195,13000
1324870792,5371-6276-4158-9847,merry hargus,57,merry.hargus@outlook.com,411132,26736,20000
9812761282,3105-7164-8820-8466,roni kalish,56,roni.kalish@outlook.com,411246,16383,20000
6503265367,7227-7342-7053-5529,ronen sease,19,ronen.sease@gmail.com,411061,36151,16000
2725362809,1383-7506-9901-1339,zippy hinh,48,zippy.hinh@gmail.com,411064,96186,11000
9337226096,5992-9698-1539-4164,forrester chatlos,32,forrester.chatlos@gmail.com,411132,14401,18000
7454171252,8040-1405-7889-1148,kalli hattaway,50,kalli.hattaway@yahoo.com,411061,50974,19000
3890682123,9081-8157-2889-6908,fawna corson,58,fawna.corson@aol.com,411001,84546,11000
2223814975,8778-8450-6476-2265,ollie prazak,46,ollie.prazak@gmail.com,411132,7520,19000
2447484175,9834-8040-6813-4789,clarette laguna,30,clarette.laguna@yahoo.com,411064,96485,14000
2396244012,5983-8618-2028-8583,lizette klakowicz,26,lizette.klakowicz@aol.com,411156,82382,10000
5797942820,9422-7970-1330-1839,talbert klinglesmith,34,talbert.klinglesmith@outlook.com,411035,14337,13000
6831741020,9298-1189-8303-3565,quintana sierzenga,55,quintana.sierzenga@aol.com,411156,32464,10000
3192713966,1376-5320-6166-8396,vivianna ramotar,56,vivianna.ramotar@yahoo.com,411061,1079,17000
6611894132,2541-1272-3660-2475,carmelina hogland,46,carmelina.hogland@yahoo.com,411001,41761,14000
5863927268,4226-6262-3779-4407,babita wolin,51,babita.wolin@yahoo.com,411001,75670,12000
9190947073,7822-7463-2160-6188,welbie washburn,40,welbie.washburn@aol.com,411027,16836,17000
8889637347,6114-7835-6346-9683,sheryl bisi,58,sheryl.bisi@gmail.com,411014,95449,19000
1896144006,4727-4620-1717-2577,emilee stradley,19,emilee.stradley@outlook.com,411014,95983,16000
1259302305,4734-8338-8993-1372,charleton recore,58,charleton.recore@outlook.com,411027,91685,18000
5760468247,6921-7972-2281-4088,naomi lukehart,37,naomi.lukehart@gmail.com,411027,25865,20000
2622171817,2513-9486-4878-4680,trip wester,28,trip.wester@outlook.com,411027,24385,18000
3374362441,8315-7082-3495-2494,salvidor bondi,37,salvidor.bondi@yahoo.com,411064,74044,17000
3364636324,3444-6502-5286-7215,cal tennille,40,cal.tennille@aol.com,411035,25769,20000
9039355369,6812-9571-9872-3744,son rizer,41,son.rizer@yahoo.com,411246,50334,12000
3692466719,1116-3569-3445-5824,sparky placko,46,sparky.placko@gmail.com,411001,98700,20000
2823982599,3702-4208-2913-9338,alyson yeaman,27,alyson.yeaman@aol.com,411132,85308,20000
9251421444,1020-2676-5874-1023,lyn malzhan,22,lyn.malzhan@outlook.com,411064,42722,12000
2184763740,5919-1241-8231-3844,zorana mastine,28,zorana.mastine@aol.com,411246,37268,10000
9186641595,7238-7698-3179-9701,emalia filipski,22,emalia.filipski@outlook.com,411061,43771,11000
5078485237,5713-5033-5789-1234,betta shumock,55,betta.shumock@aol.com,411064,49111,18000
4827438365,4411-2525-5517-8175,frederic zoll,18,frederic.zoll@yahoo.com,411014,57721,16000
2238469763,6380-3294-8102-2603,umeko kelman,58,umeko.kelman@gmail.com,411014,84920,12000
7769877453,3069-5867-8674-7408,stewart fiero,55,stewart.fiero@yahoo.com,411064,44484,15000
4466504033,2406-3492-1485-8363,prince jandreau,56,prince.jandreau@yahoo.com,411014,35420,11000
2033033468,4990-6009-2296-6200,malva shewmaker,50,malva.shewmaker@outlook.com,411027,26690,20000
8548685047,4351-1809-7607-6822,kally gribben,41,kally.gribben@outlook.com,411064,23659,15000
2293514907,8495-8853-1973-1461,tomi betancur,20,tomi.betancur@yahoo.com,411035,24667,12000
3068816705,1623-1949-5561-4315,annette pella,45,annette.pella@yahoo.com,411156,48651,18000
9103781070,6906-6886-8671-3471,leoline valen,25,leoline.valen@yahoo.com,411001,29175,15000
8342802531,6368-6623-5931-1588,ezekiel manocchia,43,ezekiel.manocchia@aol.com,411027,33538,11000
1835087182,5519-5200-2306-3383,catriona jamie,38,catriona.jamie@gmail.com,411061,37727,16000
9381045431,1893-7093-4496-4110,ottilie fayson,33,ottilie.fayson@yahoo.com,411064,65952,15000
5928111949,7392-4751-8276-2117,isador lagrimas,31,isador.lagrimas@yahoo.com,411132,13623,14000
6273763920,4139-6753-4536-2745,barry bump,48,barry.bump@outlook.com,411246,28421,14000
8964006970,2750-3191-6766-8967,sibyl auchmoody,26,sibyl.auchmoody@gmail.com,411027,41188,16000
5058102903,4795-5607-8736-1347,jerrold wesche,34,jerrold.wesche@outlook.com,411061,91437,20000
7351864412,4092-3030-7940-2373,mellisa maruschak,18,mellisa.maruschak@gmail.com,411035,90450,19000
4109998269,6583-5047-9413-8392,zak westlie,32,zak.westlie@yahoo.com,411156,8689,11000
3952367481,2987-9170-3199-5754,hal sirmons,47,hal.sirmons@gmail.com,411156,86226,16000
1907320872,7116-7234-3034-1939,mikael phonharath,35,mikael.phonharath@outlook.com,411014,83918,18000
8470917740,2158-9744-6163-7604,wakefield pettigrew,22,wakefield.pettigrew@aol.com,411061,62631,14000
2355907562,5473-6583-8361-8172,dwayne bittle,40,dwayne.bittle@outlook.com,411246,91279,14000
2335375822,4024-1778-5950-1036,esau lofgren,32,esau.lofgren@yahoo.com,411035,67135,14000
7379934316,2922-6906-7724-7197,thorvald wingham,55,thorvald.wingham@outlook.com,411035,88594,16000
4290419748,6241-3742-9123-2828,jenelle waychoff,40,jenelle.waychoff@aol.com,411014,55614,17000
6105854081,9024-5027-2627-1202,bria worek,55,bria.worek@outlook.com,411064,84698,10000
4566053250,3149-8777-5045-3540,celinda landsberg,19,celinda.landsberg@yahoo.com,411014,66142,15000
6431826438,3966-5190-3911-2710,lindsay manbeck,22,lindsay.manbeck@outlook.com,411064,51005,13000
2875972688,7023-4695-2695-1268,karlotta dugger,50,karlotta.dugger@yahoo.com,411035,73694,18000
3507251155,8594-2904-5468-5926,jenette helfritz,57,jenette.helfritz@outlook.com,411035,65350,16000
7027774880,5755-1827-7906-6188,auroora nutall,38,auroora.nutall@gmail.com,411064,90299,14000
6286228528,3004-6360-9049-3507,valentia capell,30,valentia.capell@gmail.com,411132,17792,10000
4950308814,2521-6521-8059-7077,celestina devane,41,celestina.devane@outlook.com,411156,25119,13000
6110999528,4283-1952-1307-7173,corbin husch,35,corbin.husch@gmail.com,411156,10874,14000
8749611116,1224-7674-5320-7665,saundra corigliano,24,saundra.corigliano@yahoo.com,411014,86664,13000
2739695930,4141-7010-7160-8079,otto przybyla,35,otto.przybyla@yahoo.com,411001,82787,13000
3275327507,3634-8616-4975-1515,roshelle kaempfer,37,roshelle.kaempfer@gmail.com,411014,32153,13000
2407189111,3184-6017-6279-9000,lev mattimoe,32,lev.mattimoe@aol.com,411156,85575,19000
9362303376,1612-9429-8835-4203,henrique landress,60,henrique.landress@yahoo.com,411246,80776,18000
3744704603,9463-9191-3373-1452,leda maltese,35,leda.maltese@outlook.com,411027,88533,10000
5824871115,1830-1755-2487-9674,lelah ducote,43,lelah.ducote@gmail.com,411014,49820,14000
2012543322,1109-2759-3549-8541,rhoda mcthige,27,rhoda.mcthige@outlook.com,411061,37195,13000
6990792053,4140-6562-9617-6779,noble mixer,18,noble.mixer@aol.com,411061,55046,18000
2970861822,6408-4894-1615-4166,cathlene silvera,41,cathlene.silvera@outlook.com,411156,7982,11000
1399457508,8384-3342-8863-4923,bailie sarzynski,42,bailie.sarzynski@gmail.com,411001,12337,17000
1487315586,2235-5053-8330-2361,parry arnett,36,parry.arnett@outlook.com,411061,3024,14000
2505013878,9497-2703-4501-4343,sherlocke konakowitz,22,sherlocke.konakowitz@gmail.com,411035,43350,12000
4150616713,9164-2936-6009-2223,sandye calverley,43,sandye.calverley@yahoo.com,411064,68742,13000
8686411643,8735-1083-5490-5405,caprice bausman,20,caprice.bausman@gmail.com,411001,27303,18000
7843922984,2984-9220-6754-8791,elsie searls,52,elsie.searls@outlook.com,411001,35057,19000
9891286784,4436-2399-3983-5646,aurie sugerak,49,aurie.sugerak@outlook.com,411001,66025,11000
1156118646,3610-8818-9792-3206,rockwell broom,27,rockwell.broom@aol.com,411246,76575,12000
7254736929,8005-2998-3286-9402,grete westmoreland,31,grete.westmoreland@outlook.com,411035,83850,15000
3651351853,7302-5794-5582-9042,olympie sundby,26,olympie.sundby@aol.com,411014,15306,16000
9568108937,7455-2894-7396-2222,wallie cattano,29,wallie.cattano@outlook.com,411014,46307,11000
4067203723,5573-8802-1999-3776,helge monteros,25,helge.monteros@aol.com,411156,27286,14000
8192636328,9616-1694-9483-5594,carole hartlein,50,carole.hartlein@aol.com,411001,65597,10000
2378741772,1050-5033-8060-6861,corella dinitto,18,corella.dinitto@gmail.com,411156,72599,15000
8516018821,4039-1199-8473-7987,vitia yeasted,54,vitia.yeasted@outlook.com,411156,56419,10000
3403952542,7432-7246-4159-1223,pearline blas,25,pearline.blas@gmail.com,411156,8691,17000
4707884799,2500-1379-6323-3999,patricio pridgen,26,patricio.pridgen@aol.com,411001,67678,18000
7645549149,3479-7408-6997-3792,katlin leviner,35,katlin.leviner@aol.com,411132,13328,20000
8630860626,1333-5240-4936-4526,ash chausse,36,ash.chausse@gmail.com,411014,21701,20000
1099172970,4429-9067-6790-9569,miran deans,44,miran.deans@outlook.com,411014,23323,14000
3440897005,7253-9058-6628-4338,clarissa purdin,35,clarissa.purdin@aol.com,411246,18873,13000
8697732081,3110-7520-6887-7952,sibyl coreas,44,sibyl.coreas@outlook.com,411132,19951,12000
1571239529,3043-8921-3122-3505,natalya schor,55,natalya.schor@aol.com,411035,82098,12000
1710019818,7545-9617-8468-2892,florina dondero,59,florina.dondero@aol.com,411027,37342,13000
5020519913,3689-6911-7175-4799,rhetta battersby,18,rhetta.battersby@gmail.com,411014,27043,18000
7112549419,3231-1608-1494-4349,luciano maciejczyk,31,luciano.maciejczyk@yahoo.com,411156,86292,20000
2896407671,8752-2131-7017-5604,sarajane cannedy,29,sarajane.cannedy@gmail.com,411027,98122,19000
7710340151,9422-7631-3113-5882,kittie lauden,58,kittie.lauden@aol.com,411156,33911,19000
7555285569,5848-4976-7941-9010,marcelia pullens,24,marcelia.pullens@yahoo.com,411061,1115,18000
6816817140,7851-1542-8587-9323,nanice midura,24,nanice.midura@gmail.com,411246,14170,19000
5255011959,9151-9144-1273-4770,adam mencl,30,adam.mencl@aol.com,411061,38909,14000
9237818050,7172-6772-6656-3379,kameko nethken,53,kameko.nethken@outlook.com,411132,22642,19000
4016065219,2568-3026-2549-3827,aurilia rusaw,46,aurilia.rusaw@gmail.com,411027,84842,17000
1556087845,4160-6304-2186-4689,inessa millar,29,inessa.millar@outlook.com,411064,45153,17000
7869445105,1235-7486-9544-6493,reagan ehrich,28,reagan.ehrich@outlook.com,411035,36140,10000
9126438572,3556-2656-8704-6486,abbie ungerecht,35,abbie.ungerecht@outlook.com,411035,6276,16000
8956971404,4701-9512-5141-1455,lesya secrease,50,lesya.secrease@outlook.com,411001,76998,13000
1062799519,3113-1081-1282-3385,leoine neilan,42,leoine.neilan@outlook.com,411001,42486,18000
9800298051,8755-2777-3693-7957,vick parras,37,vick.parras@outlook.com,411132,65212,12000
2408955317,3703-6736-2694-2383,katherina hodgman,28,katherina.hodgman@outlook.com,411027,48829,14000
6551633989,2119-9137-4860-6008,durante mcculloch,48,durante.mcculloch@gmail.com,411064,67128,10000
5673975507,7433-7200-4876-6150,dewey begaye,41,dewey.begaye@yahoo.com,411064,53493,10000
7283451841,5750-4462-3423-5382,larine bless,40,larine.bless@outlook.com,411027,95612,10000
6773909852,4673-3349-2625-2547,andrey kleffner,55,andrey.kleffner@yahoo.com,411014,73317,10000
4425091132,9152-2652-9219-4217,fidelia featherston,35,fidelia.featherston@aol.com,411246,64652,18000
5686294137,6652-7088-2582-2311,milka tayse,41,milka.tayse@aol.com,411027,77695,18000
7885085032,7716-6232-3278-9109,secunda azzara,57,secunda.azzara@gmail.com,411064,94589,17000
6493836902,2341-1500-4187-6962,karel raviscioni,28,karel.raviscioni@gmail.com,411156,55347,19000
9214213860,3851-4646-7164-8334,berkie pennacchio,46,berkie.pennacchio@gmail.com,411064,53326,13000
6934022857,8724-1042-6397-6014,verney jewell,42,verney.jewell@outlook.com,411027,63540,16000
9742647788,9110-7906-3726-6970,aurie murat,56,aurie.murat@aol.com,411001,44372,20000
8330423691,7618-5997-8905-8462,morissa rashdi,39,morissa.rashdi@gmail.com,411014,55839,13000
2464089656,7042-9253-5195-1824,jakob berkich,58,jakob.berkich@gmail.com,411035,48484,19000
3075290420,8152-9270-3792-3856,leontyne schiefer,57,leontyne.schiefer@aol.com,411246,72681,10000
4267925511,2511-7410-7048-3030,robin rickman,28,robin.rickman@outlook.com,411061,33949,15000
5245143281,3496-6568-7900-9500,felicia arena,47,felicia.arena@yahoo.com,411156,16300,17000
5018262020,8284-4405-7699-1523,betsey defenbaugh,28,betsey.defenbaugh@outlook.com,411246,23043,16000
7297050838,4230-3945-2094-1615,misty jubie,23,misty.jubie@outlook.com,411246,33407,17000
4507890442,3868-5299-5618-6712,tiff riebeling,38,tiff.riebeling@yahoo.com,411035,6453,18000
5154867383,2231-5941-9033-7544,judas thistlethwait,32,judas.thistlethwait@outlook.com,411156,89561,14000
1894480452,1319-4152-9042-3924,zena cantey,39,zena.cantey@outlook.com,411156,14877,17000
6792845383,8457-6585-8238-6811,tomasine bevers,44,tomasine.bevers@gmail.com,411156,46980,20000
7511127271,6160-3375-2923-3383,teresina bales,49,teresina.bales@yahoo.com,411035,57181,20000
5596863929,2945-3464-5547-7833,minny legoullon,25,minny.legoullon@yahoo.com,411156,13790,11000
6255977950,3726-9002-6329-3076,lark lamaitre,54,lark.lamaitre@aol.com,411035,56371,10000
9936255800,2913-4388-8613-9042,gabbey huante,52,gabbey.huante@aol.com,411246,81724,18000
2650812273,5747-3829-7525-3181,tara thies,57,tara.thies@yahoo.com,411156,6510,20000
5542879668,3856-7684-6723-3914,anastasia vandinter,23,anastasia.vandinter@gmail.com,411064,62616,15000
7512699996,2189-6666-1767-9101,andromache sakamaki,31,andromache.sakamaki@yahoo.com,411001,29947,11000
9212280957,6164-6536-4200-4900,jasmin carcana,23,jasmin.carcana@gmail.com,411064,38515,14000
5006550356,8809-8010-8128-1404,katharina montalvan,40,katharina.montalvan@outlook.com,411064,72927,14000
4131175815,8714-7774-7443-1372,holly-anne helfrich,33,holly-anne.helfrich@yahoo.com,411132,61462,12000
2215916962,6882-8793-9256-1603,kissee coman,33,kissee.coman@aol.com,411027,33251,11000
7796780888,9089-4117-3502-9248,timmie felsenthal,58,timmie.felsenthal@yahoo.com,411156,90887,13000
8285723074,5072-2702-5528-4647,denny mordaunt,38,denny.mordaunt@gmail.com,411246,38793,16000
4153721079,8783-6785-8134-8482,kristel socia,18,kristel.socia@outlook.com,411001,26139,11000
7385715702,4040-8833-1386-9624,neale delena,32,neale.delena@aol.com,411001,98252,12000
2030443811,9251-2749-2215-5020,friederike harm,59,friederike.harm@yahoo.com,411246,88350,11000
3341819222,9478-7237-9467-7865,gershom jacquemin,48,gershom.jacquemin@aol.com,411035,3121,11000
9624155877,5688-6996-5255-6922,shaine burney,30,shaine.burney@outlook.com,411156,39328,18000
5396816572,9739-9865-6081-5816,cole houser,31,cole.houser@aol.com,411246,47041,14000
8192276695,8220-1875-3907-6760,morly longmore,23,morly.longmore@outlook.com,411035,6813,10000
8569400414,1024-9525-1893-7333,wolfy israels,56,wolfy.israels@outlook.com,411035,26981,15000
9423557729,7074-5560-4391-5200,connie altshuler,28,connie.altshuler@outlook.com,411132,58424,10000
6407422349,9714-3077-2801-3960,abigael lichtenwalter,26,abigael.lichtenwalter@gmail.com,411035,31324,17000
8014351049,4086-4152-6601-8103,davey woitowitz,45,davey.woitowitz@yahoo.com,411027,30061,20000
2888367023,9005-4939-5401-3244,corrine warlow,46,corrine.warlow@outlook.com,411035,59038,15000
2555480628,9260-9041-4685-4625,muffin merk,23,muffin.merk@yahoo.com,411061,45166,12000
5284305780,9101-6634-2412-5960,gweneth hochnadel,54,gweneth.hochnadel@yahoo.com,411061,80313,19000
6640497766,9747-3327-3728-1980,ilyse biren,52,ilyse.biren@aol.com,411064,23149,11000
9471298909,4464-6946-6148-7121,marylee boruff,20,marylee.boruff@yahoo.com,411156,71409,20000
2591183144,6045-6234-8879-6542,dawna malone,23,dawna.malone@outlook.com,411035,93421,12000
1440742113,4709-8858-4132-5450,stacia urbany,34,stacia.urbany@aol.com,411132,1019,10000
1282763941,3732-3880-6769-5466,angil becerril,31,angil.becerril@yahoo.com,411132,71119,14000
4503662097,5954-6399-8338-9162,tommie ortez,59,tommie.ortez@aol.com,411132,48098,10000
8763811381,2364-1015-5793-4919,austin pollock,54,austin.pollock@aol.com,411027,95278,15000
5920029276,5255-7743-8995-4419,nidia silvis,35,nidia.silvis@yahoo.com,411061,36481,14000
6945571416,4471-3550-6322-2325,saxe labbadia,59,saxe.labbadia@aol.com,411014,30325,11000
4610256237,9512-8718-5648-9732,petra sabo,33,petra.sabo@outlook.com,411001,31847,11000
1907059806,5709-1953-4011-9474,dacie boutelle,27,dacie.boutelle@aol.com,411132,93943,19000
9341236604,4821-7824-4566-8732,marika danforth,43,marika.danforth@aol.com,411156,74086,13000
4964428890,2433-3683-9045-8307,bing staib,42,bing.staib@yahoo.com,411156,74303,11000
1823427036,7040-8350-3988-3126,nellie miyahara,30,nellie.miyahara@yahoo.com,411027,54658,15000
5944972189,6910-5391-1157-8079,emmy leistner,42,emmy.leistner@outlook.com,411001,98170,19000
3258006592,4040-4731-4503-5781,dorthea kivi,39,dorthea.kivi@yahoo.com,411156,82595,12000
5774648912,3900-6082-6236-1131,johnathan elsey,23,johnathan.elsey@gmail.com,411014,5706,16000
5157223099,5718-3695-5656-8997,murphy patchen,19,murphy.patchen@outlook.com,411014,60808,19000
6343652284,5644-5275-6221-4643,elena vermeulen,22,elena.vermeulen@yahoo.com,411061,30895,18000
4683198418,8557-1006-6448-1333,louisette forsey,18,louisette.forsey@aol.com,411001,66194,11000
6454467130,1176-7235-3562-2261,ximenes snare,56,ximenes.snare@outlook.com,411156,74670,17000
9736877853,1348-9194-4901-7692,chad santucci,53,chad.santucci@aol.com,411064,94688,20000
6529280399,5792-6253-3552-4703,rafael mcelhinney,21,rafael.mcelhinney@gmail.com,411132,50026,17000
7242945756,5032-6424-9531-8865,kiersten mernin,56,kiersten.mernin@gmail.com,411014,2810,16000
7456148209,8263-6419-9375-5975,kelsey mcdermid,53,kelsey.mcdermid@outlook.com,411064,87491,15000
4178362602,8501-3893-6285-8318,robbie kolehmainen,26,robbie.kolehmainen@gmail.com,411061,90275,13000
4621853797,4711-4968-9630-9242,larine lampman,41,larine.lampman@gmail.com,411064,18400,17000
7720529688,6211-7673-6465-1393,roderic rock,52,roderic.rock@aol.com,411064,5547,17000
9489933887,2997-4313-6702-2530,allegra oulette,60,allegra.oulette@aol.com,411064,19428,15000
4345673686,3845-7918-5167-1320,fredia forsman,20,fredia.forsman@aol.com,411027,75902,14000
4578142422,4961-2974-6150-6838,chelsae hoeppner,48,chelsae.hoeppner@outlook.com,411027,5613,18000
5404651925,7368-4329-3999-6613,hadrian ratzlaff,31,hadrian.ratzlaff@yahoo.com,411061,43924,14000
3052773251,2676-9320-5282-7883,larina koelle,26,larina.koelle@aol.com,411156,4034,16000
7015519026,3388-1355-5516-5527,elonore olguin,53,elonore.olguin@outlook.com,411001,30268,17000
6688457795,8369-2033-4972-6966,clari swirsky,41,clari.swirsky@outlook.com,411246,31545,11000
7632084920,1731-1757-4295-4284,woodman symons,59,woodman.symons@gmail.com,411246,77293,14000
2033011739,4548-9763-3569-5589,malva golka,22,malva.golka@gmail.com,411027,23484,17000
6904572294,3194-5104-2067-9794,sephira hamill,55,sephira.hamill@gmail.com,411132,46721,13000
1186823517,3061-6511-1620-3285,sybilla mcintee,28,sybilla.mcintee@yahoo.com,411027,10626,17000
5869454645,5738-5388-6817-8840,loren krawetz,29,loren.krawetz@outlook.com,411061,24569,13000
2172043911,8375-6476-9494-6267,petronia villena,57,petronia.villena@gmail.com,411027,22340,16000
1721037602,6502-4560-1275-8609,malinde willert,58,malinde.willert@aol.com,411035,5732,19000
3917696501,6161-3052-6787-2598,dane rolph,33,dane.rolph@yahoo.com,411027,64412,16000
3417787771,9502-1865-3711-9326,rochelle moffit,43,rochelle.moffit@outlook.com,411061,91982,19000
4011468453,9335-5549-3528-9600,harrie tsuboi,41,harrie.tsuboi@yahoo.com,411064,38659,10000
9838130350,7119-8002-1260-2942,worthy jury,26,worthy.jury@aol.com,411014,13904,11000
5417451788,8892-1875-3913-2249,fraser bedeau,38,fraser.bedeau@aol.com,411061,9412,13000
2578779561,4341-8359-2153-1007,hanan duverne,54,hanan.duverne@outlook.com,411027,41889,11000
6360075774,1683-1543-9213-9168,nevin askew,44,nevin.askew@outlook.com,411035,16572,15000
1859093581,5022-2371-8809-4050,diana decraene,43,diana.decraene@yahoo.com,411246,29761,10000
7515805808,3764-9008-6170-7469,georgie arganbright,56,georgie.arganbright@gmail.com,411035,81089,18000
9355319179,4301-2411-4982-5843,cicely mackedanz,40,cicely.mackedanz@gmail.com,411001,15640,14000
9270666345,7971-7830-1010-8999,kermit mcnutt,29,kermit.mcnutt@yahoo.com,411035,14987,10000
2471566769,1693-4899-6016-4991,wayland chilton,25,wayland.chilton@gmail.com,411001,30920,11000
7900681025,3342-7495-7630-1109,melloney sevick,30,melloney.sevick@yahoo.com,411027,20836,10000
9523439505,1359-5460-3153-3122,dorolice dahlstrom,18,dorolice.dahlstrom@outlook.com,411014,43552,12000
1337537458,7338-8358-9239-4859,nedda leidholt,24,nedda.leidholt@yahoo.com,411061,52317,20000
6226432936,6696-1795-1029-4577,alice vyas,33,alice.vyas@aol.com,411035,62506,16000
7624251514,8777-2017-4501-9624,cathi wildoner,41,cathi.wildoner@yahoo.com,411014,17758,20000
1821634818,7839-1722-1805-5174,kirstie murra,26,kirstie.murra@gmail.com,411156,27570,19000
7244388601,1050-1283-2624-6483,blair moock,57,blair.moock@aol.com,411027,83438,14000
2952873544,9341-5736-9636-8424,flore schweigart,18,flore.schweigart@aol.com,411246,73241,12000
4828174353,9654-6290-9160-7875,crystal kirkby,46,crystal.kirkby@outlook.com,411014,70837,15000
9104634380,7491-5548-2646-8803,alonso slaughenhoupt,44,alonso.slaughenhoupt@yahoo.com,411035,65258,15000
6190943104,2302-2308-4916-8181,pedro surano,36,pedro.surano@gmail.com,411132,58513,12000
4094830598,9057-7138-5722-2997,roshelle usher,36,roshelle.usher@gmail.com,411132,84899,18000
6571833901,9376-6115-2213-3638,broddy goffer,54,broddy.goffer@aol.com,411246,36341,18000
3658458142,9753-6271-7533-2211,aubree gambles,60,aubree.gambles@yahoo.com,411061,15648,12000
2655405559,6856-5231-1697-3588,wilhelmine maj,39,wilhelmine.maj@aol.com,411035,32138,15000
6189186642,3355-9438-9951-1166,adger mattheis,59,adger.mattheis@aol.com,411027,5465,17000
3194862665,9785-3539-1611-1391,vicky guitierrez,27,vicky.guitierrez@gmail.com,411132,59859,15000
9762806168,8737-3775-8662-3896,staci kuo,57,staci.kuo@outlook.com,411132,78951,10000
8524764963,3566-7586-4424-3890,camille mcmann,58,camille.mcmann@gmail.com,411035,57894,16000
9589308059,9203-3274-6426-6069,silvanus nevels,36,silvanus.nevels@gmail.com,411035,40769,19000
5123518940,5462-4517-3358-5098,yuri halgrimson,26,yuri.halgrimson@outlook.com,411064,97181,10000
3171007456,5957-2348-9776-1901,starr brokaw,37,starr.brokaw@yahoo.com,411014,64968,16000
2402002067,9111-5644-6823-7737,jodi brigges,20,jodi.brigges@gmail.com,411027,16283,16000
2248853238,7593-6987-1137-6295,katleen medicus,57,katleen.medicus@gmail.com,411156,22878,20000
2214519462,3745-4286-2317-5587,stillmann schlicker,48,stillmann.schlicker@aol.com,411061,91378,20000
6520240070,8103-1142-9873-5934,berke marsili,31,berke.marsili@gmail.com,411001,77722,18000
2059663505,8745-6777-7409-2713,elsey angeletti,60,elsey.angeletti@outlook.com,411156,74302,14000
7461198718,4256-4912-3653-1777,ronen isham,31,ronen.isham@aol.com,411156,31888,12000
3752270580,2041-4721-9796-3148,reena rosenberger,57,reena.rosenberger@aol.com,411061,80974,19000
8864473970,9466-2515-1511-2310,caryl cottew,24,caryl.cottew@outlook.com,411132,99929,10000
9011048985,3414-9674-5135-5502,barn kolek,60,barn.kolek@yahoo.com,411246,15549,14000
8775793979,6619-2861-1576-1061,doria mosen,42,doria.mosen@gmail.com,411061,94757,14000
4190996681,5451-5022-9244-7168,clo locket,48,clo.locket@aol.com,411064,47496,13000
2013544503,9284-4663-7664-8460,marchall gautreau,48,marchall.gautreau@gmail.com,411027,74833,18000
7722206840,5547-9571-2473-1280,kyla londre,29,kyla.londre@gmail.com,411035,52643,15000
5702189259,5591-2740-5267-3094,gratia shin,40,gratia.shin@aol.com,411246,3479,12000
7533931953,7602-6680-5543-3398,hiram meagher,28,hiram.meagher@gmail.com,411001,28993,20000
4806728931,6533-2790-1211-4708,lilla adil,45,lilla.adil@outlook.com,411035,89726,11000
7827757345,8637-4867-1054-6914,bidget sawka,54,bidget.sawka@aol.com,411246,2142,11000
4115259261,3320-3699-8844-9150,cyndy isbill,53,cyndy.isbill@gmail.com,411027,56017,20000
3717003244,2203-9299-6377-4744,easter laumbach,34,easter.laumbach@aol.com,411156,30014,17000
2977598425,8589-1592-4443-6913,fran chambliss,26,fran.chambliss@yahoo.com,411001,29452,10000
8011018249,4856-3901-9589-9588,herve tarkington,54,herve.tarkington@outlook.com,411027,38927,19000
2195619725,9943-5794-5852-4989,helise nolden,50,helise.nolden@aol.com,411027,52483,18000
8175146581,2405-3589-3553-5449,noland cowell,52,noland.cowell@aol.com,411156,1578,19000
4942167772,8768-1824-4161-9956,hudson ellender,32,hudson.ellender@gmail.com,411027,87693,10000
9288825794,1971-2424-4244-2181,ephraim pinkerman,27,ephraim.pinkerman@yahoo.com,411027,5460,20000
6083029721,3386-6790-1987-6965,scarlet yoshikawa,39,scarlet.yoshikawa@outlook.com,411061,99538,18000
9689747143,6437-9442-8482-3982,andra maez,43,andra.maez@yahoo.com,411035,78601,17000
1229877471,4778-4596-5778-9574,amber schlick,33,amber.schlick@outlook.com,411061,47897,17000
5946480657,1584-3693-8568-6477,naomi tudor,57,naomi.tudor@aol.com,411064,91577,17000
1295642532,6241-7104-5640-3321,chas canez,56,chas.canez@aol.com,411035,72123,14000
1444037624,9500-3238-3298-4365,marlena madruga,23,marlena.madruga@outlook.com,411001,63532,11000
8939044832,5014-4594-5551-9262,alexandrina morada,24,alexandrina.morada@outlook.com,411132,83596,14000
3864290709,9668-2335-4073-2338,bjorne karmel,42,bjorne.karmel@outlook.com,411027,26458,13000
8603509070,4329-3468-8885-4089,evita schoenfeld,55,evita.schoenfeld@gmail.com,411001,33964,16000
4909600070,8513-6787-3781-5524,walden kalani,55,walden.kalani@aol.com,411035,97852,15000
4293302328,2009-1870-5178-5365,alexina ahlers,50,alexina.ahlers@gmail.com,411156,7283,15000
6502262573,5169-9418-9722-6976,briny konieczka,55,briny.konieczka@outlook.com,411061,91115,10000
1223758471,2586-1448-6980-5273,dedie rongstad,24,dedie.rongstad@yahoo.com,411061,57914,17000
5494770013,2629-7452-1720-9081,bear vaughen,48,bear.vaughen@outlook.com,411246,44663,17000
3435914387,3516-5419-4716-6510,dion harviston,43,dion.harviston@gmail.com,411035,22738,19000
4822384635,6153-9078-9588-6525,curtis gibler,23,curtis.gibler@outlook.com,411001,70940,20000
8118503726,1124-1474-2647-6724,malena gaglio,48,malena.gaglio@outlook.com,411014,34335,14000
1017647814,6666-4980-5993-3177,rena wahlgren,38,rena.wahlgren@aol.com,411001,82828,11000
1453552647,1146-4815-4379-8158,jannelle magno,54,jannelle.magno@gmail.com,411132,20418,20000
6791772189,2964-7562-1659-3585,malina keatley,52,malina.keatley@yahoo.com,411246,9448,16000
9766017685,1959-5648-2639-1510,dyana henriquez,23,dyana.henriquez@yahoo.com,411064,27988,14000
9944985989,6847-6671-4190-6086,arnoldo aller,48,arnoldo.aller@gmail.com,411001,45785,10000
4491804841,1705-5169-1550-4155,bishop weatherby,60,bishop.weatherby@gmail.com,411064,22194,17000
3174792986,1571-1771-3661-7493,ilka campos,34,ilka.campos@aol.com,411061,81842,15000
5669802985,4643-6587-5941-4738,kori bier,33,kori.bier@yahoo.com,411027,94356,12000
5739098591,7157-8803-6645-8580,terrance franch,23,terrance.franch@gmail.com,411064,28519,19000
4836342385,1843-6726-9650-6550,marie-ann malasky,58,marie-ann.malasky@gmail.com,411027,82885,15000
3063513018,5012-3469-9293-5067,lea coit,24,lea.coit@gmail.com,411027,75210,14000
9635970510,9445-5385-5063-7317,aubrey tresch,27,aubrey.tresch@aol.com,411014,88911,18000
6588181260,5708-4181-3029-6413,jaymee sonderup,57,jaymee.sonderup@gmail.com,411014,22216,12000
7591332086,1572-1848-8512-9667,lorna bogin,22,lorna.bogin@gmail.com,411064,46941,18000
7689187173,6946-4779-3517-7782,dianemarie mcfeely,20,dianemarie.mcfeely@yahoo.com,411132,96171,12000
6928166418,6934-9992-3700-9216,vail occhiogrosso,25,vail.occhiogrosso@aol.com,411035,62805,16000
1714219953,2865-3911-1032-8162,dyna linwood,55,dyna.linwood@gmail.com,411014,26357,15000
5295777949,1326-6136-1286-8358,kriste kem,51,kriste.kem@aol.com,411246,11632,13000
6865357092,8978-6791-9733-8548,sebastian sarchet,57,sebastian.sarchet@yahoo.com,411014,33426,17000
8488033365,3557-8624-8599-5810,bearnard toan,32,bearnard.toan@outlook.com,411014,74211,16000
9185263802,8784-7090-9491-1979,mureil smouse,47,mureil.smouse@yahoo.com,411132,87435,11000
9515781326,1204-2643-7741-6348,letitia mench,27,letitia.mench@aol.com,411001,70027,16000
5175917156,1502-3392-9720-8059,phillipp busson,18,phillipp.busson@yahoo.com,411061,75611,18000
8187616186,3766-8255-5862-3836,risa ogles,49,risa.ogles@aol.com,411035,63019,16000
6220290893,2376-2126-9496-6818,elric rother,30,elric.rother@aol.com,411014,63231,18000
8899626497,6993-4963-6342-1041,filmore lamoureux,41,filmore.lamoureux@aol.com,411001,22977,20000
6169313501,9683-9822-2467-2678,napoleon venzon,23,napoleon.venzon@aol.com,411064,84993,10000
6700565849,5536-6125-7722-5793,adrien heling,57,adrien.heling@yahoo.com,411035,60385,15000
9920612235,1232-4677-1689-9424,dela labar,58,dela.labar@outlook.com,411061,49990,17000
6077325089,2497-9391-2382-7742,merilee shontz,21,merilee.shontz@outlook.com,411156,37384,14000
5962100815,6524-5604-2115-2902,filmore sanjose,22,filmore.sanjose@yahoo.com,411035,86457,10000
2348780849,8351-7903-2041-8009,fortune vreeland,18,fortune.vreeland@gmail.com,411064,22500,13000
2249880583,5110-1476-5901-9064,arabelle schleifer,43,arabelle.schleifer@gmail.com,411035,90543,12000
1357778490,9676-4370-7394-7433,katusha placzek,47,katusha.placzek@yahoo.com,411061,74676,19000
2215458469,6562-8278-5895-5481,ioana bayardo,18,ioana.bayardo@gmail.com,411132,99825,16000
2694218484,2742-6027-1614-6059,rica carcana,58,rica.carcana@yahoo.com,411246,93759,13000
5794145566,8713-7827-7049-1345,martie hippert,35,martie.hippert@outlook.com,411156,4112,15000
7449316694,2592-5722-6414-6673,ransell bloome,60,ransell.bloome@gmail.com,411061,62284,20000
5229556772,5295-9580-1686-1947,yonina furnas,53,yonina.furnas@yahoo.com,411001,91824,10000
2926633871,8053-7798-9934-5995,sonya caviness,60,sonya.caviness@outlook.com,411035,10380,13000
7122304152,2580-5527-1247-4585,gale altobelli,45,gale.altobelli@aol.com,411064,97822,12000
6033181710,6213-2201-1480-6981,micaela jungck,57,micaela.jungck@yahoo.com,411014,46641,17000
8570777332,7831-7042-8286-2026,marcille cargill,53,marcille.cargill@aol.com,411027,31886,18000
2458881912,2925-6406-1017-6214,ellwood mikuszewski,60,ellwood.mikuszewski@aol.com,411061,32537,12000
8399466884,8075-5738-5915-6125,jackie rubbo,51,jackie.rubbo@aol.com,411246,40261,10000
3775279542,5060-7601-2059-5258,john duffek,36,john.duffek@yahoo.com,411061,48416,13000
7033158883,3204-8131-2502-3907,joshuah rencher,32,joshuah.rencher@outlook.com,411246,80410,19000
8173716797,4879-2631-3380-4714,thedrick eanes,48,thedrick.eanes@aol.com,411061,6123,15000
2055394116,2362-2480-5897-5426,diane haataja,46,diane.haataja@aol.com,411061,39045,13000
9559652746,7099-8943-2817-8244,janetta blegen,21,janetta.blegen@aol.com,411014,85409,19000
2833047396,9451-9520-3661-6296,alonzo bady,30,alonzo.bady@aol.com,411246,96121,16000
1506712368,2427-8300-6132-4237,roderigo polverari,57,roderigo.polverari@gmail.com,411156,21908,18000
5297954179,8703-7512-8664-5464,emmalyn langlinais,28,emmalyn.langlinais@aol.com,411014,13472,13000
6836408874,1167-6098-5494-8947,chere reager,39,chere.reager@yahoo.com,411001,90056,20000
4869187348,4632-5579-4936-4748,korry paveglio,49,korry.paveglio@gmail.com,411027,2741,16000
4661577659,6523-7872-5774-6707,hans massingill,45,hans.massingill@aol.com,411064,23532,20000
1953190375,4361-6066-4533-9071,delphinia jose,23,delphinia.jose@aol.com,411035,60443,15000
9494363723,3656-6584-1083-1902,shaine dost,22,shaine.dost@gmail.com,411061,86404,20000
5847352559,9445-4770-4437-7546,elana spannaus,40,elana.spannaus@yahoo.com,411035,72427,12000
4297483262,9605-1519-5085-3240,claribel spincic,58,claribel.spincic@yahoo.com,411246,26965,13000
7293751006,8189-2239-8364-7645,sterne lacasse,48,sterne.lacasse@outlook.com,411132,27350,20000
1435163026,1731-5492-9049-7542,jasper kinville,26,jasper.kinville@outlook.com,411061,44503,12000
2071511584,6634-3404-3477-4754,darsie fertitta,32,darsie.fertitta@gmail.com,411035,53209,17000
6074297639,7915-1528-4688-9356,luelle vandevender,50,luelle.vandevender@yahoo.com,411246,42065,15000
9577218516,1537-7789-4711-6253,halley golz,25,halley.golz@aol.com,411064,61072,11000
8474386088,6401-5304-8335-3906,annamari venier,48,annamari.venier@aol.com,411156,26738,20000
8230746378,2894-8700-2837-2495,llewellyn zeman,29,llewellyn.zeman@yahoo.com,411001,29390,18000
7974803264,7843-6795-4168-5333,wilber geiss,20,wilber.geiss@gmail.com,411001,57808,19000
8317790871,3845-1905-6665-8850,damian estepp,30,damian.estepp@outlook.com,411014,32613,13000
8506922532,3707-3892-6573-7045,dell tenenbaum,40,dell.tenenbaum@outlook.com,411132,86278,19000
9267731639,8739-6824-4318-4052,tiebold castoreno,41,tiebold.castoreno@outlook.com,411035,51689,11000
2068006092,4689-3659-7513-4153,colline moosman,58,colline.moosman@gmail.com,411246,34103,18000
9700509087,6270-3202-3142-9540,tally kirchmeier,32,tally.kirchmeier@gmail.com,411014,82554,14000
7562680979,6804-8684-7942-6817,angelina eisbach,43,angelina.eisbach@outlook.com,411001,65901,19000
2452568228,4829-3506-7836-8814,sonya mckelphin,43,sonya.mckelphin@gmail.com,411001,36789,13000
8620415301,2754-2055-9633-1821,ruthanne goerges,22,ruthanne.goerges@outlook.com,411246,60032,16000
1920126301,6194-2018-8302-2991,dana drone,47,dana.drone@yahoo.com,411035,20713,14000
6196384315,5697-4275-2290-1416,ranique newey,34,ranique.newey@aol.com,411156,72093,10000
7363009579,7599-6480-6266-6494,josey kujawa,44,josey.kujawa@gmail.com,411014,12028,15000
5456522379,3931-2227-5005-9260,arlo crear,18,arlo.crear@yahoo.com,411246,79914,17000
9347361347,3704-2222-3550-3283,lorianna creach,56,lorianna.creach@yahoo.com,411027,41510,12000
8996550249,8143-3814-6067-7006,joann cheetham,46,joann.cheetham@yahoo.com,411027,87977,14000
3271907542,5765-7205-1778-5780,barron mcdearmon,28,barron.mcdearmon@outlook.com,411246,99007,11000
5624810294,7087-7328-4712-2005,jeane tennant,37,jeane.tennant@outlook.com,411156,15382,12000
3340214924,7831-1211-2516-7123,isadora ricketts,49,isadora.ricketts@outlook.com,411064,40609,16000
5520217393,8302-9278-4562-4127,son boday,55,son.boday@yahoo.com,411156,36085,14000
3878626639,4412-8128-8200-8008,gregor baransky,29,gregor.baransky@outlook.com,411014,69315,11000
6273617113,3716-8329-5489-3067,elyn giesler,19,elyn.giesler@outlook.com,411014,13582,17000
1047533088,7817-7298-6295-8503,eloise karadimas,39,eloise.karadimas@yahoo.com,411014,33733,20000
5214778257,9765-3339-6855-1653,gusty farag,33,gusty.farag@gmail.com,411035,20897,15000
7773604159,4547-8751-4143-6683,carroll ventry,39,carroll.ventry@gmail.com,411027,77775,18000
2759589703,6999-5606-4826-5191,marrissa laudato,38,marrissa.laudato@aol.com,411132,69216,20000
4422606227,2315-4015-6862-5011,nananne kochmanski,42,nananne.kochmanski@outlook.com,411035,50273,15000
1810986237,6306-6887-4154-3443,lenka sturdevant,27,lenka.sturdevant@yahoo.com,411061,31900,18000
7534479875,2024-2578-6214-8978,shlomo ram,31,shlomo.ram@yahoo.com,411246,1864,17000
5081718769,3915-4402-4271-5242,kingston dillahunt,37,kingston.dillahunt@gmail.com,411246,91245,20000
7917488963,2417-2935-9209-2613,salvidor cotrell,33,salvidor.cotrell@aol.com,411035,78821,19000
9756237431,6449-2447-2443-2045,lorinda kothenbeutel,34,lorinda.kothenbeutel@yahoo.com,411027,11096,14000
3006130780,4359-7176-4195-3970,florri genova,42,florri.genova@gmail.com,411246,5879,13000
2332382117,7773-5076-1572-3316,elianore grabill,31,elianore.grabill@gmail.com,411035,37501,17000
7872534468,8057-8149-9267-8049,bronson ambrosini,25,bronson.ambrosini@gmail.com,411027,18989,20000
6708121496,9810-3202-5164-9933,daisie toof,22,daisie.toof@outlook.com,411246,76907,20000
1538492294,8063-8135-3748-3773,langston jungquist,31,langston.jungquist@outlook.com,411064,88113,11000
2498267598,8894-4752-6037-9248,mead aveni,25,mead.aveni@outlook.com,411061,31743,19000
5884584230,8030-3155-9862-3786,william dull,29,william.dull@yahoo.com,411246,38642,18000
6926121204,7932-4610-7478-2349,clerissa zolla,35,clerissa.zolla@gmail.com,411014,37477,19000
2200626966,3920-9577-2551-6957,pauletta holsapple,40,pauletta.holsapple@outlook.com,411132,76771,17000
4027869559,4644-7228-8313-4136,shaylah sugar,40,shaylah.sugar@yahoo.com,411014,36037,11000
9476101157,1504-4654-1825-9222,gabrila roberto,20,gabrila.roberto@aol.com,411132,66872,20000
7309115516,7715-2984-4151-4907,meryl roaden,28,meryl.roaden@yahoo.com,411061,60984,18000
6187475164,5147-8531-7903-2897,romona yafaie,48,romona.yafaie@yahoo.com,411035,86109,18000
5141780638,3199-8820-7258-9763,hadria lusby,60,hadria.lusby@outlook.com,411064,53692,18000
7199413380,2615-4575-2106-5527,xylina calder,30,xylina.calder@aol.com,411014,21554,14000
5692727659,1650-7762-7457-2988,midge mullenaux,59,midge.mullenaux@outlook.com,411061,39806,19000
1768910442,3661-7980-7623-7265,tyrus northcote,33,tyrus.northcote@aol.com,411027,75350,12000
8465596362,3282-3153-6753-2941,devon lasser,18,devon.lasser@yahoo.com,411027,17930,18000
3094173968,3981-9054-1713-3190,daryl stablein,48,daryl.stablein@aol.com,411027,63752,10000
1060261475,7980-5877-3290-9114,madelle sub,30,madelle.sub@outlook.com,411001,92647,20000
6095483528,9118-4452-2462-2731,robinetta turnes,42,robinetta.turnes@aol.com,411156,27524,20000
8095050802,6334-7962-5118-9828,sayre whelpley,49,sayre.whelpley@yahoo.com,411027,51741,10000
1691863893,9204-3589-4003-1874,celinda pender,26,celinda.pender@outlook.com,411027,57226,14000
4675451451,2905-4825-7518-9778,micheil wolery,50,micheil.wolery@gmail.com,411064,92457,11000
9445764209,8707-6241-8496-7969,etty couty,31,etty.couty@outlook.com,411001,84347,15000
4336441567,2244-2166-4838-8765,carolee onsgard,45,carolee.onsgard@outlook.com,411035,98868,10000
4028018548,3079-3982-1436-8997,lawerence sandager,41,lawerence.sandager@aol.com,411027,27691,17000
3127093176,8129-1658-7821-9722,caresse gottron,49,caresse.gottron@outlook.com,411064,53851,10000
1284675312,6534-4855-2068-1059,myrle firth,30,myrle.firth@yahoo.com,411035,89719,16000
4366398215,5474-3561-5811-7037,britte butchko,36,britte.butchko@outlook.com,411064,79036,14000
3261316795,1146-6151-2370-1053,carilyn atcher,44,carilyn.atcher@aol.com,411014,77704,15000
4150001269,5719-3272-9715-6912,grover brenneman,25,grover.brenneman@yahoo.com,411064,31134,12000
7129686073,2336-2522-3902-9902,vivienne mckiney,26,vivienne.mckiney@outlook.com,411132,71499,16000
9280812678,4251-4131-3519-3777,danila barino,59,danila.barino@outlook.com,411061,69198,16000
1331461856,2307-9489-8102-8898,neddy torrent,45,neddy.torrent@yahoo.com,411061,89873,12000
9648145996,2232-7113-7565-4615,derby nares,50,derby.nares@yahoo.com,411132,35086,18000
5286552341,9355-7974-9229-6890,gloriane sneathen,38,gloriane.sneathen@gmail.com,411246,13088,11000
9210110335,1838-5922-9967-1753,montague sabins,28,montague.sabins@gmail.com,411035,90244,12000
4680978132,3810-9354-5402-1334,aida skillen,51,aida.skillen@gmail.com,411001,57660,15000
5334647853,7772-3809-8736-4072,lyndsie tamez,43,lyndsie.tamez@aol.com,411001,84168,20000
3466412282,8264-9383-6393-5937,raynard safko,35,raynard.safko@yahoo.com,411061,49708,10000
5253460224,3746-7454-5529-9618,alis monter,26,alis.monter@outlook.com,411156,88296,18000
9835056641,3941-1361-8502-7569,barbabra penna,18,barbabra.penna@yahoo.com,411156,71511,12000
3925620067,2101-8310-5347-2765,rice pehrson,25,rice.pehrson@yahoo.com,411132,61309,12000
8828650260,8767-4684-7586-5222,danyette treakle,59,danyette.treakle@outlook.com,411064,33144,15000
6842512140,1721-8382-5227-3656,magnum haeber,59,magnum.haeber@gmail.com,411035,8192,16000
3877175247,8472-7717-5740-2260,meta kita,42,meta.kita@yahoo.com,411064,33292,13000
1128792480,3242-8893-9327-2258,terina moses,56,terina.moses@aol.com,411064,55615,10000
9941818712,2929-5718-9337-4137,ramona combass,38,ramona.combass@aol.com,411027,18758,20000
2787322395,9658-8052-8982-5714,ofilia bindas,49,ofilia.bindas@outlook.com,411027,82086,15000
3341591078,6293-8447-8824-6759,henrik lloid,52,henrik.lloid@gmail.com,411156,74998,14000
1606922264,3186-7544-4877-1553,quent mishler,52,quent.mishler@gmail.com,411027,6657,15000
3165793030,5486-8937-4785-2592,lynne luksa,45,lynne.luksa@outlook.com,411132,39205,17000
7016012014,7538-6620-9954-7551,benoite salmeron,49,benoite.salmeron@gmail.com,411027,64144,19000
8106558359,6797-3971-1501-2495,rosalie galamay,30,rosalie.galamay@gmail.com,411001,80019,17000
9473252597,8546-3158-9541-1631,tiffany sarka,47,tiffany.sarka@outlook.com,411064,53264,16000
8239335575,2166-9327-3855-6753,sibilla hemm,21,sibilla.hemm@aol.com,411014,9953,17000
9093976064,3996-9067-9350-7664,hanan goodpasture,44,hanan.goodpasture@outlook.com,411246,16672,20000
1146586490,1810-4931-1389-4547,adriena deangeles,59,adriena.deangeles@outlook.com,411156,73066,17000
5311255537,7690-3889-5769-7593,bellina manross,60,bellina.manross@yahoo.com,411001,96738,18000
1232206399,5421-6796-1555-6304,hunt mckeeman,45,hunt.mckeeman@gmail.com,411246,6678,19000
6863763040,2635-4681-9327-5645,alyda seilhymer,53,alyda.seilhymer@aol.com,411027,78033,11000
9094835830,3083-8301-6063-6097,chiarra domin,41,chiarra.domin@aol.com,411001,91494,13000
5298771066,8974-5431-7914-7595,darda bulan,23,darda.bulan@yahoo.com,411132,59813,11000
3811208548,6303-1336-2923-9368,katine kuhre,59,katine.kuhre@yahoo.com,411246,4466,14000
2960216407,8354-5647-8510-1294,zeke heldreth,53,zeke.heldreth@gmail.com,411014,15958,13000
6601727632,2163-6857-4540-2557,norris fetters,21,norris.fetters@yahoo.com,411064,27401,11000
7833689098,2296-6502-7127-4733,cyrillus lyter,26,cyrillus.lyter@gmail.com,411014,38131,13000
1049865965,9049-1800-6775-2074,edwin lisee,18,edwin.lisee@gmail.com,411156,67908,14000
8528500882,2652-5243-9962-3057,penelopa nordling,60,penelopa.nordling@yahoo.com,411027,93983,19000
4672614170,1070-6209-8211-8577,leigh musil,54,leigh.musil@gmail.com,411014,24691,12000
6404562882,5633-9625-8438-7557,ransom poulter,42,ransom.poulter@aol.com,411156,8856,13000
3900462537,9515-2653-4323-3033,trey holvey,29,trey.holvey@aol.com,411246,45112,10000
9260672445,8662-1121-5400-8027,fancy goedde,50,fancy.goedde@gmail.com,411064,58945,11000
6663863409,2263-8520-2266-6422,john-patrick quant,41,john-patrick.quant@aol.com,411035,35492,17000
2700181860,4354-5554-1111-4618,riccardo hamon,32,riccardo.hamon@gmail.com,411035,63402,17000
2404301737,7532-6732-8260-9893,hester ernest,37,hester.ernest@outlook.com,411001,78485,10000
1589737687,2936-4093-5795-1167,brigitta eska,46,brigitta.eska@outlook.com,411156,26200,19000
1628890627,6230-3409-1860-5842,anica allegrucci,29,anica.allegrucci@aol.com,411001,48767,10000
9336591588,5114-9425-8387-2474,cordelia trosclair,58,cordelia.trosclair@gmail.com,411156,86345,12000
6662373698,7039-8215-5161-1079,ralph ramirec,21,ralph.ramirec@yahoo.com,411027,30001,10000
6644196141,9461-3168-3597-1057,mac stych,24,mac.stych@outlook.com,411027,89477,11000
7701470725,3033-9145-2743-3297,thad munselle,51,thad.munselle@gmail.com,411132,60263,12000
5906290563,7900-4033-8087-5623,chan lamberty,50,chan.lamberty@yahoo.com,411132,2736,12000
9442527850,4280-6397-1472-1592,darice lifton,50,darice.lifton@yahoo.com,411035,75177,12000
7915862422,3651-8216-8066-7169,drea rapier,59,drea.rapier@yahoo.com,411014,76081,17000
9446537569,7288-1372-6320-4707,clair pittner,20,clair.pittner@yahoo.com,411246,67151,18000
7670461487,4222-1342-1869-5145,marshall coster,51,marshall.coster@outlook.com,411014,22583,20000
7093987866,5325-6408-7790-9221,lucky pruden,28,lucky.pruden@outlook.com,411156,30723,10000
3020536514,2525-7265-9110-8216,chadwick zietlow,25,chadwick.zietlow@gmail.com,411156,68402,18000
4056899527,8640-3110-6746-8859,laurianne janczunski,30,laurianne.janczunski@aol.com,411001,18121,10000
2069340642,1437-8655-4512-6341,clarissa betcher,51,clarissa.betcher@yahoo.com,411064,53152,12000
2258508103,7991-8136-3888-6040,lorelei mcshaw,54,lorelei.mcshaw@outlook.com,411156,38966,17000
3100282879,5417-7841-8841-8370,sheila-kathryn timmermann,48,sheila-kathryn.timmermann@yahoo.com,411156,22411,18000
8251472162,7927-7270-1432-3482,jade henneberger,51,jade.henneberger@aol.com,411061,67014,11000
3076867907,7756-2916-3655-9640,katlin kliment,49,katlin.kliment@yahoo.com,411132,35825,15000
6961085519,5232-9724-1005-9387,kathe foucault,32,kathe.foucault@yahoo.com,411035,31330,18000
6986974918,1554-2373-3104-4341,charleton revels,35,charleton.revels@gmail.com,411061,63184,11000
6012179280,2454-6647-4640-8152,burke hollabaugh,46,burke.hollabaugh@aol.com,411064,52033,11000
1533415924,8530-4975-4974-9744,leo corrado,50,leo.corrado@gmail.com,411001,55262,15000
6248629089,6765-9288-5046-3179,sonya vanpelt,18,sonya.vanpelt@aol.com,411001,89989,17000
3578671173,8362-2572-4646-3781,verge angione,18,verge.angione@gmail.com,411001,82153,12000
9434774691,7724-2201-8684-8727,madelene broxton,47,madelene.broxton@gmail.com,411061,55653,18000
6715242092,3641-5968-9045-8214,wendall urlaub,47,wendall.urlaub@yahoo.com,411246,87560,10000
2063087556,1724-6185-9110-8973,uta pomo,38,uta.pomo@aol.com,411027,14058,14000
7158457237,5405-9762-4980-8054,floris jeter,33,floris.jeter@aol.com,411014,3722,17000
5964979713,7478-7752-5048-5310,lilllie hubbartt,50,lilllie.hubbartt@aol.com,411132,12099,20000
7612882899,5083-7593-9395-2446,yetty aste,22,yetty.aste@outlook.com,411035,62158,13000
6697569631,2022-2015-1173-6941,annaliese terronez,60,annaliese.terronez@gmail.com,411064,1889,12000
5179444331,9632-2309-9001-9119,waldemar juriga,24,waldemar.juriga@gmail.com,411001,61641,13000
4495185017,3282-9393-2989-4175,sholom cleghorn,28,sholom.cleghorn@yahoo.com,411035,63462,12000
8101789213,6222-1572-5785-3831,taryn massini,41,taryn.massini@gmail.com,411156,17366,13000
3949684706,5360-9225-6799-6461,marilee loera,42,marilee.loera@gmail.com,411246,87690,13000
4182331705,3783-3047-6579-8555,harmon ganser,58,harmon.ganser@outlook.com,411014,30726,13000
1036560492,7881-7055-3249-8183,modesta woodruff,60,modesta.woodruff@outlook.com,411064,79021,16000
3630770904,5252-1077-6861-5264,maury lanser,59,maury.lanser@outlook.com,411246,64427,13000
4626770688,7787-5781-9416-9350,paulie biby,33,paulie.biby@aol.com,411156,68545,13000
4193309040,1799-5660-7362-5253,latashia janisch,27,latashia.janisch@yahoo.com,411156,60249,12000
4203716317,7796-8838-6916-6442,wilbur dave,49,wilbur.dave@yahoo.com,411035,81890,17000
5877244696,6027-9227-2575-1649,catherina soman,58,catherina.soman@gmail.com,411064,32930,12000
2054650743,8441-8039-6814-4520,lizzy mikrut,39,lizzy.mikrut@yahoo.com,411064,99165,17000
4071927007,4367-1043-2090-9524,alicea pruiett,52,alicea.pruiett@gmail.com,411246,66645,17000
7604407982,1584-4945-1222-4443,saree buder,52,saree.buder@yahoo.com,411064,79651,11000
3269887142,2156-1420-5638-5784,shannon mcglauflin,54,shannon.mcglauflin@gmail.com,411014,51437,15000
6225413562,9994-4670-7973-7898,erin braziel,59,erin.braziel@gmail.com,411035,80977,12000
2204295807,3036-1324-2792-2667,chiquita vallero,25,chiquita.vallero@gmail.com,411132,66698,12000
4747421037,8351-3311-8189-6787,murielle mcauley,37,murielle.mcauley@aol.com,411132,43505,17000
8487876878,8242-5289-8624-8425,griswold schoene,38,griswold.schoene@outlook.com,411132,96969,15000
9849812052,8635-4993-4539-1350,elisha dulac,30,elisha.dulac@outlook.com,411132,45066,12000
9834429804,7442-4093-8658-2428,beatrisa levengood,33,beatrisa.levengood@aol.com,411156,50925,20000
2122124775,5774-7222-6830-9733,lambert aler,34,lambert.aler@gmail.com,411156,35597,12000
4927738049,5571-2001-3673-6086,tobie geers,49,tobie.geers@gmail.com,411064,24736,19000
8772774202,9702-7223-7706-9105,jabez alatorre,30,jabez.alatorre@outlook.com,411156,41435,15000
1399932473,3602-5417-7143-1620,madeline tubb,51,madeline.tubb@gmail.com,411132,19408,19000
1499870217,9991-9293-2305-2569,nelli milovich,38,nelli.milovich@gmail.com,411035,48184,20000
6605295447,2548-5422-5906-7627,laural getty,34,laural.getty@yahoo.com,411156,89507,16000
8895584699,7314-7642-8575-6506,christean woodin,59,christean.woodin@aol.com,411064,43441,16000
8955017312,5357-2708-6546-8390,debby madagan,47,debby.madagan@yahoo.com,411132,63597,19000
6967717966,5986-6561-2778-7263,garnette fresquez,30,garnette.fresquez@aol.com,411061,31121,11000
7838661769,9420-8520-3277-1744,yvette airington,51,yvette.airington@gmail.com,411132,98666,11000
7460973615,2947-5040-6225-4957,noella buccheri,35,noella.buccheri@aol.com,411027,23829,13000
4021753225,8162-4949-1467-6572,ilyse ridout,54,ilyse.ridout@outlook.com,411064,17992,14000
2612847281,6461-7377-5894-3463,annelise hayward,29,annelise.hayward@gmail.com,411027,25220,20000
8491169631,3360-1397-8827-4244,caryn mondloch,52,caryn.mondloch@gmail.com,411014,8164,20000
4837325777,7040-3313-9426-2799,allie woltjer,39,allie.woltjer@gmail.com,411001,94460,19000
1144627320,7035-3760-5278-4570,van borrego,51,van.borrego@outlook.com,411156,80419,14000
2659772949,5823-6920-7419-1063,stanton belletto,60,stanton.belletto@yahoo.com,411246,86433,20000
2815685664,3429-6897-4524-2681,biff kammes,38,biff.kammes@aol.com,411246,29102,20000
3961941102,3085-1669-9246-9825,rivy kuizinas,48,rivy.kuizinas@aol.com,411014,80099,20000
5260641900,5148-4195-8713-5021,tawnya trautz,36,tawnya.trautz@aol.com,411014,35427,15000
7292815162,6966-7515-4464-7777,kaitlin mcennis,28,kaitlin.mcennis@gmail.com,411014,29092,13000
1227985444,1477-4182-1912-9009,valaria steinlicht,42,valaria.steinlicht@gmail.com,411027,81768,17000
6160749986,1030-6814-2071-4267,thorpe shedden,32,thorpe.shedden@yahoo.com,411014,34591,19000
2177992933,2573-2130-3326-1935,molly cheda,49,molly.cheda@gmail.com,411061,95817,14000
8920722849,8725-7211-4592-2119,samuela lahaye,29,samuela.lahaye@outlook.com,411246,95061,10000
1211852652,7218-4865-8942-3766,elsa pytlovany,18,elsa.pytlovany@gmail.com,411035,17400,20000
8771659927,1351-1234-4068-6898,hernando shinners,35,hernando.shinners@outlook.com,411014,78497,14000
8558796370,8967-2308-5688-6466,fawnia victoria,23,fawnia.victoria@aol.com,411064,77187,20000
2489621025,1411-8514-1661-1018,brigitte liederbach,48,brigitte.liederbach@gmail.com,411156,25731,13000
8158210339,1032-8534-8153-4188,colene lan,42,colene.lan@aol.com,411061,84953,11000
1191106657,5973-3384-9826-2581,janos brockington,31,janos.brockington@gmail.com,411246,26650,16000
3191020258,7734-9642-1803-5831,nanine mannino,18,nanine.mannino@aol.com,411156,54882,20000
3274914047,1345-3823-6930-6400,barris townsel,35,barris.townsel@yahoo.com,411156,38722,16000
8376343642,6249-9297-6950-8958,dinnie pakele,48,dinnie.pakele@gmail.com,411156,93580,14000
9486502325,9888-4540-1788-7191,langston yedid,32,langston.yedid@gmail.com,411014,1560,15000
2492616708,6091-6431-8265-3593,aile kirchausen,41,aile.kirchausen@aol.com,411132,10431,19000
2745585309,1432-4449-4331-4410,darrel leclaire,59,darrel.leclaire@gmail.com,411064,40855,12000
3582053610,4433-8813-3443-7293,anders irvan,22,anders.irvan@yahoo.com,411064,14784,18000
1298056826,7637-3818-5094-7079,wilmar podewils,38,wilmar.podewils@aol.com,411035,3456,12000
1569473108,1601-4661-1890-3236,idelle plys,36,idelle.plys@yahoo.com,411132,88100,16000
5513970542,1895-3143-9499-6049,kurtis leinbach,58,kurtis.leinbach@aol.com,411014,42407,17000
6005386502,3172-5047-6522-8466,fawnia kosky,30,fawnia.kosky@gmail.com,411061,52346,20000
9623919462,7431-4092-4391-8862,irena reina,34,irena.reina@outlook.com,411001,73046,12000
3172241050,3080-7456-2150-4880,emory mongrain,39,emory.mongrain@gmail.com,411027,30647,16000
4867390359,6842-6191-6111-8474,selinda vanderheiden,25,selinda.vanderheiden@outlook.com,411027,63654,14000
1721961818,5397-8299-6938-6789,fonsie davitt,45,fonsie.davitt@aol.com,411035,10328,19000
2997944206,4031-4548-1792-6047,gregor koestler,51,gregor.koestler@aol.com,411132,56846,12000
6616912877,9468-4312-7880-4523,phillida stachowiak,29,phillida.stachowiak@gmail.com,411027,22683,11000
9610757348,8885-6406-5878-6486,cathy decuir,60,cathy.decuir@outlook.com,411001,80497,12000
8139228452,1680-7410-5438-2026,web alicia,33,web.alicia@gmail.com,411001,84164,10000
9619342957,5300-2320-8236-8477,laird yambo,31,laird.yambo@outlook.com,411064,17181,20000
6217697602,6400-5670-6657-5866,stillman winebaugh,27,stillman.winebaugh@yahoo.com,411027,84827,19000
3055646994,2164-2129-4360-6904,wallis deninno,55,wallis.deninno@aol.com,411064,34173,17000
4263382068,1998-9714-2594-7597,sturgis safer,59,sturgis.safer@outlook.com,411156,14728,16000
1627049598,9633-2973-6297-5956,malinde estrello,43,malinde.estrello@aol.com,411001,27761,16000
4051052780,8108-2029-7321-7207,ardath kopp,23,ardath.kopp@yahoo.com,411132,82037,18000
9401795284,4951-4119-1122-2818,maynord rameriez,53,maynord.rameriez@outlook.com,411027,41906,15000
9258759160,3657-5254-7871-4769,raye krail,33,raye.krail@outlook.com,411246,39480,16000
2355728920,3516-7280-2062-3778,tana jock,34,tana.jock@gmail.com,411156,38106,10000
3117747846,2025-4649-2675-7149,ruthe caceres,28,ruthe.caceres@gmail.com,411156,64229,12000
9709447959,3693-6391-3398-3386,jacob franzetti,24,jacob.franzetti@gmail.com,411027,34178,20000
2472314008,8451-7908-5233-2957,freddie laviolette,31,freddie.laviolette@gmail.com,411132,70949,15000
5371876443,4952-5665-7551-7425,reynolds ehrlich,51,reynolds.ehrlich@yahoo.com,411156,97381,16000
4431370119,3039-2838-3308-4161,hedvig chrusciel,24,hedvig.chrusciel@outlook.com,411061,8564,11000
3875539696,8102-5258-5833-5589,row nichol,60,row.nichol@gmail.com,411061,94279,10000
4085200446,9054-2760-3508-7656,marianne melroy,27,marianne.melroy@aol.com,411001,1070,18000
2376207075,5635-4655-4020-6183,ronnie snee,24,ronnie.snee@aol.com,411064,28315,16000
7032358951,9892-4236-1315-7858,wrennie valk,60,wrennie.valk@outlook.com,411061,15495,13000
2600771179,6701-3249-4174-9951,aridatha bellany,18,aridatha.bellany@outlook.com,411132,32281,17000
8674987020,1772-6514-6548-6416,demetria sterett,31,demetria.sterett@outlook.com,411156,78961,10000
7321605732,4906-9255-1638-7038,ender blau,29,ender.blau@gmail.com,411061,92077,17000
6902786680,6240-8927-6754-6464,ari macksey,51,ari.macksey@gmail.com,411246,6508,14000
7112855872,2473-8050-5760-4057,dolley fountaine,56,dolley.fountaine@aol.com,411064,14782,13000
5112454052,2370-2739-5053-3471,gianna stonestreet,39,gianna.stonestreet@outlook.com,411014,47053,18000
2878270248,5777-3950-9313-9458,abbi chrysler,25,abbi.chrysler@aol.com,411132,46629,12000
1016343224,7218-5186-6870-6195,paddy kalchthaler,43,paddy.kalchthaler@aol.com,411027,83872,20000
7803212928,5703-1253-6998-1696,fredericka gleen,47,fredericka.gleen@gmail.com,411027,3090,18000
8603321476,8696-8035-4220-1488,elna krompel,57,elna.krompel@yahoo.com,411014,99026,12000
3175685455,8833-5629-6905-2053,lucy mcgarrity,23,lucy.mcgarrity@gmail.com,411061,34617,15000
8415302947,8888-6961-3220-4810,auria stryker,23,auria.stryker@yahoo.com,411001,91023,18000
1963316878,2589-1858-2362-4292,christina balbi,24,christina.balbi@outlook.com,411132,28193,13000
5916328459,5658-7752-6904-2620,birdie coiro,45,birdie.coiro@aol.com,411035,43318,14000
1880487483,1784-8525-4409-4122,standford sharrett,33,standford.sharrett@outlook.com,411156,55248,16000
3131647989,3497-8814-8631-7777,winonah oshiro,38,winonah.oshiro@outlook.com,411246,40689,14000
7816048668,8175-2490-7575-6417,emmit roose,49,emmit.roose@gmail.com,411132,62913,10000
4136850896,7118-3043-7429-2474,kaitlyn needleman,41,kaitlyn.needleman@aol.com,411132,60993,19000
3460244954,5114-3161-5060-9991,keil strosnider,43,keil.strosnider@yahoo.com,411027,58330,11000
4271241056,4697-5467-8321-8629,klee tober,27,klee.tober@aol.com,411246,64198,13000
8673657873,1160-8545-9755-2076,kriste masri,60,kriste.masri@yahoo.com,411132,15922,11000
9913433001,9826-3436-1119-9071,ariella cossano,53,ariella.cossano@aol.com,411132,55706,12000
2861340515,9027-9092-7856-1247,kati kuc,54,kati.kuc@outlook.com,411035,4762,12000
2672965968,9118-7734-5778-6504,euphemia byner,55,euphemia.byner@aol.com,411246,39711,14000
4602314332,8656-9244-4348-7146,alli harris,38,alli.harris@gmail.com,411001,68283,17000
9500689300,8099-4839-1957-1035,patin limburg,29,patin.limburg@yahoo.com,411064,43684,12000
6115554985,5953-1564-8330-9620,marleen ferrera,56,marleen.ferrera@outlook.com,411061,5016,13000
2320675094,9674-6743-1876-2025,craig allessio,42,craig.allessio@aol.com,411064,92429,13000
6025621826,4752-5768-1746-2941,anais suma,29,anais.suma@gmail.com,411035,23614,19000
1035396972,1114-7345-1324-8874,leola gillet,56,leola.gillet@yahoo.com,411064,31869,13000
6600492523,3862-6928-1822-1512,grace maust,60,grace.maust@gmail.com,411014,62990,18000
7688519009,4354-2098-8018-4634,tobie klingler,21,tobie.klingler@aol.com,411001,70203,10000
4248997167,1468-3663-5463-5502,carolyn humenik,55,carolyn.humenik@gmail.com,411035,95063,17000
3884785749,9577-4192-7545-2423,adrianna falt,54,adrianna.falt@gmail.com,411132,88662,12000
8709221765,1761-9712-3221-1923,izzi bozzi,21,izzi.bozzi@yahoo.com,411001,97124,14000
7371714223,9305-6763-4154-5113,beatriz ceconi,49,beatriz.ceconi@yahoo.com,411132,49798,15000
3579682599,7936-2359-4195-9032,isadore umscheid,58,isadore.umscheid@gmail.com,411064,60956,12000
2022218632,1815-3418-4617-9720,ham massena,18,ham.massena@gmail.com,411064,36132,10000
2812832750,4779-5180-6370-7460,linea cundy,38,linea.cundy@yahoo.com,411014,48993,17000
6841895603,8836-1227-6703-1332,brook grueninger,20,brook.grueninger@outlook.com,411035,1014,13000
1779810613,8283-7238-5831-7645,sarah coviello,36,sarah.coviello@yahoo.com,411001,81563,17000
8862100316,3290-9930-1281-4871,aeriell michaelson,33,aeriell.michaelson@outlook.com,411061,71394,13000
7845309757,9250-5216-9410-3573,frederick berkeley,18,frederick.berkeley@gmail.com,411064,43660,11000
9552330016,7133-3400-6803-2239,ardyce kanda,47,ardyce.kanda@outlook.com,411061,6353,16000
1704761162,5390-9031-5501-7737,nannette mcclard,28,nannette.mcclard@yahoo.com,411064,96569,12000
6027604366,9144-3941-6616-6343,tera lewandowsky,32,tera.lewandowsky@yahoo.com,411156,13326,14000
3637224201,5355-1635-6586-2207,flipper murat,48,flipper.murat@gmail.com,411014,84540,16000
6016025907,2743-1345-1240-7747,loralyn toepke,27,loralyn.toepke@yahoo.com,411035,7431,16000
1033739541,2281-7221-3372-4081,carolin valez,38,carolin.valez@outlook.com,411027,87726,13000
2687486726,1151-5770-5662-4691,truman arrey,41,truman.arrey@yahoo.com,411246,68633,12000
7113003606,3573-6143-9112-2711,veriee engdahl,36,veriee.engdahl@gmail.com,411001,9392,10000
4517051514,1139-7931-4856-7378,meryl whitlinger,44,meryl.whitlinger@aol.com,411061,78811,18000
